0 verbose cli C:\Program Files\nodejs\node.exe C:\Users\aahme\AppData\Roaming\npm\node_modules\npm\bin\npm-cli.js
1 info using npm@11.5.2
2 info using node@v22.14.0
3 silly config load:file:C:\Users\aahme\AppData\Roaming\npm\node_modules\npm\npmrc
4 silly config load:file:C:\Users\aahme\OneDrive\Desktop\versions of clinic system\eyeDemo\frontend\.npmrc
5 silly config load:file:C:\Users\aahme\.npmrc
6 silly config load:file:C:\Users\aahme\AppData\Roaming\npm\etc\npmrc
7 verbose title npm i vite-plugin-pwa
8 verbose argv "i" "--save-dev" "vite-plugin-pwa" "--cache" ".\\.npm-cache" "--no-audit" "--no-fund"
9 verbose logfile logs-max:10 dir:C:\Users\aahme\OneDrive\Desktop\versions of clinic system\eyeDemo\frontend\.npm-cache\_logs\2026-03-08T04_52_52_389Z-
10 verbose logfile C:\Users\aahme\OneDrive\Desktop\versions of clinic system\eyeDemo\frontend\.npm-cache\_logs\2026-03-08T04_52_52_389Z-debug-0.log
11 silly logfile done cleaning log files
12 silly packumentCache heap:4345298944 maxSize:1086324736 maxEntrySize:543162368
13 silly idealTree buildDeps
14 silly fetch manifest vite-plugin-pwa@*
15 silly packumentCache full:https://registry.npmjs.org/vite-plugin-pwa cache-miss
16 verbose shrinkwrap failed to load node_modules/.package-lock.json out of date, updated: node_modules
17 http fetch GET 200 https://registry.npmjs.org/vite-plugin-pwa 541ms (cache miss)
18 silly packumentCache full:https://registry.npmjs.org/vite-plugin-pwa set size:undefined disposed:false
19 silly fetch manifest @vite-pwa/assets-generator@^1.0.0
20 silly packumentCache full:https://registry.npmjs.org/@vite-pwa%2fassets-generator cache-miss
21 http fetch GET 200 https://registry.npmjs.org/@vite-pwa%2fassets-generator 1226ms (cache miss)
22 silly packumentCache full:https://registry.npmjs.org/@vite-pwa%2fassets-generator set size:undefined disposed:false
23 silly fetch manifest vite@^7.2.4
24 silly packumentCache full:https://registry.npmjs.org/vite cache-miss
25 http fetch GET 200 https://registry.npmjs.org/vite 1287ms (cache miss)
26 silly packumentCache full:https://registry.npmjs.org/vite set size:undefined disposed:false
27 silly fetch manifest @types/node@^20.19.0 || >=22.12.0
28 silly packumentCache full:https://registry.npmjs.org/@types%2fnode cache-miss
29 http fetch GET 200 https://registry.npmjs.org/@types%2fnode 443ms (cache miss)
30 silly packumentCache full:https://registry.npmjs.org/@types%2fnode set size:undefined disposed:false
31 silly fetch manifest jiti@>=1.21.0
32 silly packumentCache full:https://registry.npmjs.org/jiti cache-miss
33 http fetch GET 200 https://registry.npmjs.org/jiti 92ms (cache miss)
34 silly packumentCache full:https://registry.npmjs.org/jiti set size:undefined disposed:false
35 silly fetch manifest less@^4.0.0
36 silly packumentCache full:https://registry.npmjs.org/less cache-miss
37 http fetch GET 200 https://registry.npmjs.org/less 91ms (cache miss)
38 silly packumentCache full:https://registry.npmjs.org/less set size:undefined disposed:false
39 silly fetch manifest lightningcss@^1.21.0
40 silly packumentCache full:https://registry.npmjs.org/lightningcss cache-miss
41 http fetch GET 200 https://registry.npmjs.org/lightningcss 243ms (cache miss)
42 silly packumentCache full:https://registry.npmjs.org/lightningcss set size:undefined disposed:false
43 silly fetch manifest sass@^1.97.2
44 silly packumentCache full:https://registry.npmjs.org/sass cache-miss
45 http fetch GET 200 https://registry.npmjs.org/sass 129ms (cache miss)
46 silly packumentCache full:https://registry.npmjs.org/sass set size:undefined disposed:false
47 silly fetch manifest sass-embedded@^1.70.0
48 silly packumentCache full:https://registry.npmjs.org/sass-embedded cache-miss
49 http fetch GET 200 https://registry.npmjs.org/sass-embedded 91ms (cache miss)
50 silly packumentCache full:https://registry.npmjs.org/sass-embedded set size:undefined disposed:false
51 silly fetch manifest stylus@>=0.54.8
52 silly packumentCache full:https://registry.npmjs.org/stylus cache-miss
53 http fetch GET 200 https://registry.npmjs.org/stylus 83ms (cache miss)
54 silly packumentCache full:https://registry.npmjs.org/stylus set size:undefined disposed:false
55 silly fetch manifest sugarss@^5.0.0
56 silly packumentCache full:https://registry.npmjs.org/sugarss cache-miss
57 http fetch GET 200 https://registry.npmjs.org/sugarss 74ms (cache miss)
58 silly packumentCache full:https://registry.npmjs.org/sugarss set size:undefined disposed:false
59 silly fetch manifest postcss@^8.3.3
60 silly packumentCache full:https://registry.npmjs.org/postcss cache-miss
61 http fetch GET 200 https://registry.npmjs.org/postcss 106ms (cache miss)
62 silly packumentCache full:https://registry.npmjs.org/postcss set size:undefined disposed:false
63 silly fetch manifest terser@^5.16.0
64 silly packumentCache full:https://registry.npmjs.org/terser cache-miss
65 http fetch GET 200 https://registry.npmjs.org/terser 110ms (cache miss)
66 silly packumentCache full:https://registry.npmjs.org/terser set size:undefined disposed:false
67 silly fetch manifest tsx@^4.8.1
68 silly packumentCache full:https://registry.npmjs.org/tsx cache-miss
69 http fetch GET 200 https://registry.npmjs.org/tsx 79ms (cache miss)
70 silly packumentCache full:https://registry.npmjs.org/tsx set size:undefined disposed:false
71 silly fetch manifest yaml@^2.4.2
72 silly packumentCache full:https://registry.npmjs.org/yaml cache-miss
73 http fetch GET 200 https://registry.npmjs.org/yaml 89ms (cache miss)
74 silly packumentCache full:https://registry.npmjs.org/yaml set size:undefined disposed:false
75 silly placeDep ROOT vite-plugin-pwa@1.2.0 OK for: frontend@0.0.0 want: *
76 silly fetch manifest pretty-bytes@^6.1.1
77 silly packumentCache full:https://registry.npmjs.org/pretty-bytes cache-miss
78 silly fetch manifest workbox-build@^7.4.0
79 silly packumentCache full:https://registry.npmjs.org/workbox-build cache-miss
80 silly fetch manifest workbox-window@^7.4.0
81 silly packumentCache full:https://registry.npmjs.org/workbox-window cache-miss
82 http fetch GET 200 https://registry.npmjs.org/workbox-window 240ms (cache miss)
83 silly packumentCache full:https://registry.npmjs.org/workbox-window set size:undefined disposed:false
84 http fetch GET 200 https://registry.npmjs.org/workbox-build 260ms (cache miss)
85 silly packumentCache full:https://registry.npmjs.org/workbox-build set size:undefined disposed:false
86 http fetch GET 200 https://registry.npmjs.org/pretty-bytes 265ms (cache miss)
87 silly packumentCache full:https://registry.npmjs.org/pretty-bytes set size:undefined disposed:false
88 silly placeDep ROOT pretty-bytes@6.1.1 OK for: vite-plugin-pwa@1.2.0 want: ^6.1.1
89 silly placeDep ROOT workbox-build@7.4.0 OK for: vite-plugin-pwa@1.2.0 want: ^7.4.0
90 silly placeDep ROOT workbox-window@7.4.0 OK for: vite-plugin-pwa@1.2.0 want: ^7.4.0
91 silly fetch manifest @apideck/better-ajv-errors@^0.3.1
92 silly packumentCache full:https://registry.npmjs.org/@apideck%2fbetter-ajv-errors cache-miss
93 silly fetch manifest @babel/preset-env@^7.11.0
94 silly packumentCache full:https://registry.npmjs.org/@babel%2fpreset-env cache-miss
95 silly fetch manifest @rollup/plugin-babel@^5.2.0
96 silly packumentCache full:https://registry.npmjs.org/@rollup%2fplugin-babel cache-miss
97 silly fetch manifest @rollup/plugin-node-resolve@^15.2.3
98 silly packumentCache full:https://registry.npmjs.org/@rollup%2fplugin-node-resolve cache-miss
99 silly fetch manifest @rollup/plugin-replace@^2.4.1
100 silly packumentCache full:https://registry.npmjs.org/@rollup%2fplugin-replace cache-miss
101 silly fetch manifest @rollup/plugin-terser@^0.4.3
102 silly packumentCache full:https://registry.npmjs.org/@rollup%2fplugin-terser cache-miss
103 silly fetch manifest @surma/rollup-plugin-off-main-thread@^2.2.3
104 silly packumentCache full:https://registry.npmjs.org/@surma%2frollup-plugin-off-main-thread cache-miss
105 silly fetch manifest ajv@^8.6.0
106 silly packumentCache full:https://registry.npmjs.org/ajv cache-miss
107 silly fetch manifest common-tags@^1.8.0
108 silly packumentCache full:https://registry.npmjs.org/common-tags cache-miss
109 silly fetch manifest fs-extra@^9.0.1
110 silly packumentCache full:https://registry.npmjs.org/fs-extra cache-miss
111 silly fetch manifest glob@^11.0.1
112 silly packumentCache full:https://registry.npmjs.org/glob cache-miss
113 silly fetch manifest lodash@^4.17.20
114 silly packumentCache full:https://registry.npmjs.org/lodash cache-miss
115 silly fetch manifest pretty-bytes@^5.3.0
116 silly packumentCache full:https://registry.npmjs.org/pretty-bytes cache-miss
117 silly fetch manifest rollup@^2.79.2
118 silly packumentCache full:https://registry.npmjs.org/rollup cache-miss
119 silly fetch manifest source-map@^0.8.0-beta.0
120 silly packumentCache full:https://registry.npmjs.org/source-map cache-miss
121 silly fetch manifest stringify-object@^3.3.0
122 silly packumentCache full:https://registry.npmjs.org/stringify-object cache-miss
123 silly fetch manifest strip-comments@^2.0.1
124 silly packumentCache full:https://registry.npmjs.org/strip-comments cache-miss
125 silly fetch manifest tempy@^0.6.0
126 silly packumentCache full:https://registry.npmjs.org/tempy cache-miss
127 silly fetch manifest upath@^1.2.0
128 silly packumentCache full:https://registry.npmjs.org/upath cache-miss
129 silly fetch manifest workbox-background-sync@7.4.0
130 silly packumentCache full:https://registry.npmjs.org/workbox-background-sync cache-miss
131 silly fetch manifest workbox-broadcast-update@7.4.0
132 silly packumentCache full:https://registry.npmjs.org/workbox-broadcast-update cache-miss
133 silly fetch manifest workbox-cacheable-response@7.4.0
134 silly packumentCache full:https://registry.npmjs.org/workbox-cacheable-response cache-miss
135 silly fetch manifest workbox-core@7.4.0
136 silly packumentCache full:https://registry.npmjs.org/workbox-core cache-miss
137 http cache https://registry.npmjs.org/pretty-bytes 56ms (cache hit)
138 silly packumentCache full:https://registry.npmjs.org/pretty-bytes set size:64558 disposed:false
139 silly fetch manifest workbox-expiration@7.4.0
140 silly packumentCache full:https://registry.npmjs.org/workbox-expiration cache-miss
141 http fetch GET 200 https://registry.npmjs.org/@babel%2fpreset-env 137ms (cache miss)
142 silly packumentCache full:https://registry.npmjs.org/@babel%2fpreset-env set size:undefined disposed:false
143 silly fetch manifest workbox-google-analytics@7.4.0
144 silly packumentCache full:https://registry.npmjs.org/workbox-google-analytics cache-miss
145 http fetch GET 200 https://registry.npmjs.org/strip-comments 200ms (cache miss)
146 silly packumentCache full:https://registry.npmjs.org/strip-comments set size:undefined disposed:false
147 silly fetch manifest workbox-navigation-preload@7.4.0
148 silly packumentCache full:https://registry.npmjs.org/workbox-navigation-preload cache-miss
149 http fetch GET 200 https://registry.npmjs.org/@rollup%2fplugin-replace 278ms (cache miss)
150 silly packumentCache full:https://registry.npmjs.org/@rollup%2fplugin-replace set size:undefined disposed:false
151 silly fetch manifest workbox-precaching@7.4.0
152 silly packumentCache full:https://registry.npmjs.org/workbox-precaching cache-miss
153 http fetch GET 200 https://registry.npmjs.org/@rollup%2fplugin-node-resolve 282ms (cache miss)
154 silly packumentCache full:https://registry.npmjs.org/@rollup%2fplugin-node-resolve set size:undefined disposed:false
155 silly fetch manifest workbox-range-requests@7.4.0
156 silly packumentCache full:https://registry.npmjs.org/workbox-range-requests cache-miss
157 http fetch GET 200 https://registry.npmjs.org/stringify-object 364ms (cache miss)
158 silly packumentCache full:https://registry.npmjs.org/stringify-object set size:undefined disposed:false
159 silly fetch manifest workbox-recipes@7.4.0
160 silly packumentCache full:https://registry.npmjs.org/workbox-recipes cache-miss
161 http fetch GET 200 https://registry.npmjs.org/fs-extra 373ms (cache miss)
162 silly packumentCache full:https://registry.npmjs.org/fs-extra set size:undefined disposed:false
163 silly fetch manifest workbox-routing@7.4.0
164 silly packumentCache full:https://registry.npmjs.org/workbox-routing cache-miss
165 http fetch GET 200 https://registry.npmjs.org/glob 375ms (cache miss)
166 silly packumentCache full:https://registry.npmjs.org/glob set size:undefined disposed:false
167 silly fetch manifest workbox-strategies@7.4.0
168 silly packumentCache full:https://registry.npmjs.org/workbox-strategies cache-miss
169 http fetch GET 200 https://registry.npmjs.org/upath 384ms (cache miss)
170 silly packumentCache full:https://registry.npmjs.org/upath set size:undefined disposed:false
171 silly fetch manifest workbox-streams@7.4.0
172 silly packumentCache full:https://registry.npmjs.org/workbox-streams cache-miss
173 http fetch GET 200 https://registry.npmjs.org/ajv 395ms (cache miss)
174 silly packumentCache full:https://registry.npmjs.org/ajv set size:undefined disposed:false
175 silly fetch manifest workbox-sw@7.4.0
176 silly packumentCache full:https://registry.npmjs.org/workbox-sw cache-miss
177 http fetch GET 200 https://registry.npmjs.org/tempy 448ms (cache miss)
178 silly packumentCache full:https://registry.npmjs.org/tempy set size:undefined disposed:false
179 silly fetch manifest workbox-window@7.4.0
180 silly packumentCache full:https://registry.npmjs.org/workbox-window cache-miss
181 http cache https://registry.npmjs.org/workbox-window 4ms (cache hit)
182 silly packumentCache full:https://registry.npmjs.org/workbox-window set size:172054 disposed:false
183 silly fetch manifest @types/trusted-types@^2.0.2
184 silly packumentCache full:https://registry.npmjs.org/@types%2ftrusted-types cache-miss
185 http fetch GET 200 https://registry.npmjs.org/source-map 514ms (cache miss)
186 silly packumentCache full:https://registry.npmjs.org/source-map set size:undefined disposed:false
187 silly fetch manifest workbox-core@7.4.0
188 silly packumentCache full:https://registry.npmjs.org/workbox-core cache-miss
189 http fetch GET 200 https://registry.npmjs.org/lodash 544ms (cache miss)
190 silly packumentCache full:https://registry.npmjs.org/lodash set size:undefined disposed:false
191 http fetch GET 200 https://registry.npmjs.org/workbox-broadcast-update 568ms (cache miss)
192 silly packumentCache full:https://registry.npmjs.org/workbox-broadcast-update set size:undefined disposed:false
193 http fetch GET 200 https://registry.npmjs.org/workbox-background-sync 605ms (cache miss)
194 silly packumentCache full:https://registry.npmjs.org/workbox-background-sync set size:undefined disposed:false
195 http fetch GET 200 https://registry.npmjs.org/workbox-expiration 556ms (cache miss)
196 silly packumentCache full:https://registry.npmjs.org/workbox-expiration set size:undefined disposed:false
197 http fetch GET 200 https://registry.npmjs.org/workbox-core 619ms (cache miss)
198 silly packumentCache full:https://registry.npmjs.org/workbox-core set size:undefined disposed:false
199 http fetch GET 200 https://registry.npmjs.org/@surma%2frollup-plugin-off-main-thread 667ms (cache miss)
200 silly packumentCache full:https://registry.npmjs.org/@surma%2frollup-plugin-off-main-thread set size:undefined disposed:false
201 http fetch GET 200 https://registry.npmjs.org/workbox-google-analytics 527ms (cache miss)
202 silly packumentCache full:https://registry.npmjs.org/workbox-google-analytics set size:undefined disposed:false
203 http fetch GET 200 https://registry.npmjs.org/workbox-navigation-preload 518ms (cache miss)
204 silly packumentCache full:https://registry.npmjs.org/workbox-navigation-preload set size:undefined disposed:false
205 http fetch GET 200 https://registry.npmjs.org/@types%2ftrusted-types 324ms (cache miss)
206 silly packumentCache full:https://registry.npmjs.org/@types%2ftrusted-types set size:undefined disposed:false
207 http fetch GET 200 https://registry.npmjs.org/rollup 780ms (cache miss)
208 silly packumentCache full:https://registry.npmjs.org/rollup set size:undefined disposed:false
209 http fetch GET 200 https://registry.npmjs.org/workbox-core 359ms (cache miss)
210 silly packumentCache full:https://registry.npmjs.org/workbox-core set size:undefined disposed:false
211 http fetch GET 200 https://registry.npmjs.org/@rollup%2fplugin-babel 883ms (cache miss)
212 silly packumentCache full:https://registry.npmjs.org/@rollup%2fplugin-babel set size:undefined disposed:false
213 http fetch GET 200 https://registry.npmjs.org/workbox-precaching 605ms (cache miss)
214 silly packumentCache full:https://registry.npmjs.org/workbox-precaching set size:undefined disposed:false
215 http fetch GET 200 https://registry.npmjs.org/@apideck%2fbetter-ajv-errors 887ms (cache miss)
216 silly packumentCache full:https://registry.npmjs.org/@apideck%2fbetter-ajv-errors set size:undefined disposed:false
217 http fetch GET 200 https://registry.npmjs.org/workbox-routing 513ms (cache miss)
218 silly packumentCache full:https://registry.npmjs.org/workbox-routing set size:undefined disposed:false
219 http fetch GET 200 https://registry.npmjs.org/workbox-strategies 514ms (cache miss)
220 silly packumentCache full:https://registry.npmjs.org/workbox-strategies set size:undefined disposed:false
221 http fetch GET 200 https://registry.npmjs.org/common-tags 898ms (cache miss)
222 silly packumentCache full:https://registry.npmjs.org/common-tags set size:undefined disposed:false
223 http fetch GET 200 https://registry.npmjs.org/workbox-streams 524ms (cache miss)
224 silly packumentCache full:https://registry.npmjs.org/workbox-streams set size:undefined disposed:false
225 http fetch GET 200 https://registry.npmjs.org/workbox-cacheable-response 921ms (cache miss)
226 silly packumentCache full:https://registry.npmjs.org/workbox-cacheable-response set size:undefined disposed:false
227 http fetch GET 200 https://registry.npmjs.org/@rollup%2fplugin-terser 954ms (cache miss)
228 silly packumentCache full:https://registry.npmjs.org/@rollup%2fplugin-terser set size:undefined disposed:false
229 http fetch GET 200 https://registry.npmjs.org/workbox-range-requests 799ms (cache miss)
230 silly packumentCache full:https://registry.npmjs.org/workbox-range-requests set size:undefined disposed:false
231 http fetch GET 200 https://registry.npmjs.org/workbox-recipes 824ms (cache miss)
232 silly packumentCache full:https://registry.npmjs.org/workbox-recipes set size:undefined disposed:false
233 http fetch GET 200 https://registry.npmjs.org/workbox-sw 894ms (cache miss)
234 silly packumentCache full:https://registry.npmjs.org/workbox-sw set size:undefined disposed:false
235 silly fetch manifest @babel/core@^7.24.4
236 silly packumentCache full:https://registry.npmjs.org/@babel%2fcore cache-miss
237 http fetch GET 200 https://registry.npmjs.org/@babel%2fcore 107ms (cache miss)
238 silly packumentCache full:https://registry.npmjs.org/@babel%2fcore set size:undefined disposed:false
239 silly fetch manifest @types/babel__core@^7.1.9
240 silly packumentCache full:https://registry.npmjs.org/@types%2fbabel__core cache-miss
241 http fetch GET 200 https://registry.npmjs.org/@types%2fbabel__core 83ms (cache miss)
242 silly packumentCache full:https://registry.npmjs.org/@types%2fbabel__core set size:undefined disposed:false
243 silly placeDep node_modules/workbox-build @apideck/better-ajv-errors@0.3.6 OK for: workbox-build@7.4.0 want: ^0.3.1
244 silly placeDep node_modules/workbox-build ajv@8.18.0 OK for: @apideck/better-ajv-errors@0.3.6 want: >=8
245 silly placeDep ROOT @babel/preset-env@7.29.0 OK for: workbox-build@7.4.0 want: ^7.11.0
246 silly placeDep node_modules/workbox-build @rollup/plugin-babel@5.3.1 OK for: workbox-build@7.4.0 want: ^5.2.0
247 silly placeDep node_modules/workbox-build rollup@2.80.0 OK for: @rollup/plugin-babel@5.3.1 want: ^1.20.0||^2.0.0
248 silly placeDep ROOT @rollup/plugin-node-resolve@15.3.1 OK for: workbox-build@7.4.0 want: ^15.2.3
249 silly placeDep node_modules/workbox-build @rollup/plugin-replace@2.4.2 OK for: workbox-build@7.4.0 want: ^2.4.1
250 silly placeDep ROOT @rollup/plugin-terser@0.4.4 OK for: workbox-build@7.4.0 want: ^0.4.3
251 silly placeDep ROOT @surma/rollup-plugin-off-main-thread@2.2.3 OK for: workbox-build@7.4.0 want: ^2.2.3
252 silly placeDep ROOT common-tags@1.8.2 OK for: workbox-build@7.4.0 want: ^1.8.0
253 silly placeDep ROOT fs-extra@9.1.0 OK for: workbox-build@7.4.0 want: ^9.0.1
254 silly placeDep ROOT glob@11.1.0 OK for: workbox-build@7.4.0 want: ^11.0.1
255 silly placeDep ROOT lodash@4.17.23 OK for: workbox-build@7.4.0 want: ^4.17.20
256 silly placeDep node_modules/workbox-build pretty-bytes@5.6.0 OK for: workbox-build@7.4.0 want: ^5.3.0
257 silly placeDep node_modules/workbox-build source-map@0.8.0-beta.0 OK for: workbox-build@7.4.0 want: ^0.8.0-beta.0
258 silly placeDep ROOT stringify-object@3.3.0 OK for: workbox-build@7.4.0 want: ^3.3.0
259 silly placeDep ROOT strip-comments@2.0.1 OK for: workbox-build@7.4.0 want: ^2.0.1
260 silly placeDep ROOT tempy@0.6.0 OK for: workbox-build@7.4.0 want: ^0.6.0
261 silly placeDep ROOT upath@1.2.0 OK for: workbox-build@7.4.0 want: ^1.2.0
262 silly placeDep ROOT workbox-background-sync@7.4.0 OK for: workbox-build@7.4.0 want: 7.4.0
263 silly placeDep ROOT workbox-broadcast-update@7.4.0 OK for: workbox-build@7.4.0 want: 7.4.0
264 silly placeDep ROOT workbox-cacheable-response@7.4.0 OK for: workbox-build@7.4.0 want: 7.4.0
265 silly placeDep ROOT workbox-core@7.4.0 OK for: workbox-build@7.4.0 want: 7.4.0
266 silly placeDep ROOT workbox-expiration@7.4.0 OK for: workbox-build@7.4.0 want: 7.4.0
267 silly placeDep ROOT workbox-google-analytics@7.4.0 OK for: workbox-build@7.4.0 want: 7.4.0
268 silly placeDep ROOT workbox-navigation-preload@7.4.0 OK for: workbox-build@7.4.0 want: 7.4.0
269 silly placeDep ROOT workbox-precaching@7.4.0 OK for: workbox-build@7.4.0 want: 7.4.0
270 silly placeDep ROOT workbox-range-requests@7.4.0 OK for: workbox-build@7.4.0 want: 7.4.0
271 silly placeDep ROOT workbox-recipes@7.4.0 OK for: workbox-build@7.4.0 want: 7.4.0
272 silly placeDep ROOT workbox-routing@7.4.0 OK for: workbox-build@7.4.0 want: 7.4.0
273 silly placeDep ROOT workbox-strategies@7.4.0 OK for: workbox-build@7.4.0 want: 7.4.0
274 silly placeDep ROOT workbox-streams@7.4.0 OK for: workbox-build@7.4.0 want: 7.4.0
275 silly placeDep ROOT workbox-sw@7.4.0 OK for: workbox-build@7.4.0 want: 7.4.0
276 silly fetch manifest leven@^3.1.0
277 silly packumentCache full:https://registry.npmjs.org/leven cache-miss
278 silly fetch manifest json-schema@^0.4.0
279 silly packumentCache full:https://registry.npmjs.org/json-schema cache-miss
280 silly fetch manifest jsonpointer@^5.0.0
281 silly packumentCache full:https://registry.npmjs.org/jsonpointer cache-miss
282 silly fetch manifest fast-uri@^3.0.1
283 silly packumentCache full:https://registry.npmjs.org/fast-uri cache-miss
284 silly fetch manifest require-from-string@^2.0.2
285 silly packumentCache full:https://registry.npmjs.org/require-from-string cache-miss
286 silly fetch manifest json-schema-traverse@^1.0.0
287 silly packumentCache full:https://registry.npmjs.org/json-schema-traverse cache-miss
288 silly fetch manifest core-js-compat@^3.48.0
289 silly packumentCache full:https://registry.npmjs.org/core-js-compat cache-miss
290 silly fetch manifest @babel/compat-data@^7.29.0
291 silly packumentCache full:https://registry.npmjs.org/@babel%2fcompat-data cache-miss
292 silly fetch manifest @babel/preset-modules@0.1.6-no-external-plugins
293 silly packumentCache full:https://registry.npmjs.org/@babel%2fpreset-modules cache-miss
294 silly fetch manifest @babel/helper-plugin-utils@^7.28.6
295 silly packumentCache full:https://registry.npmjs.org/@babel%2fhelper-plugin-utils cache-miss
296 silly fetch manifest babel-plugin-polyfill-corejs2@^0.4.15
297 silly packumentCache full:https://registry.npmjs.org/babel-plugin-polyfill-corejs2 cache-miss
298 silly fetch manifest babel-plugin-polyfill-corejs3@^0.14.0
299 silly packumentCache full:https://registry.npmjs.org/babel-plugin-polyfill-corejs3 cache-miss
300 silly fetch manifest @babel/plugin-transform-for-of@^7.27.1
301 silly packumentCache full:https://registry.npmjs.org/@babel%2fplugin-transform-for-of cache-miss
302 silly fetch manifest @babel/plugin-transform-spread@^7.28.6
303 silly packumentCache full:https://registry.npmjs.org/@babel%2fplugin-transform-spread cache-miss
304 silly fetch manifest @babel/plugin-transform-classes@^7.28.6
305 silly packumentCache full:https://registry.npmjs.org/@babel%2fplugin-transform-classes cache-miss
306 silly fetch manifest @babel/plugin-transform-literals@^7.27.1
307 silly packumentCache full:https://registry.npmjs.org/@babel%2fplugin-transform-literals cache-miss
308 silly fetch manifest @babel/helper-compilation-targets@^7.28.6
309 silly packumentCache full:https://registry.npmjs.org/@babel%2fhelper-compilation-targets cache-miss
310 silly fetch manifest babel-plugin-polyfill-regenerator@^0.6.6
311 silly packumentCache full:https://registry.npmjs.org/babel-plugin-polyfill-regenerator cache-miss
312 silly fetch manifest @babel/plugin-transform-new-target@^7.27.1
313 silly packumentCache full:https://registry.npmjs.org/@babel%2fplugin-transform-new-target cache-miss
314 silly fetch manifest @babel/plugin-transform-parameters@^7.27.7
315 silly packumentCache full:https://registry.npmjs.org/@babel%2fplugin-transform-parameters cache-miss
316 silly fetch manifest @babel/plugin-transform-modules-amd@^7.27.1
317 silly packumentCache full:https://registry.npmjs.org/@babel%2fplugin-transform-modules-amd cache-miss
318 silly fetch manifest @babel/plugin-transform-modules-umd@^7.27.1
319 silly packumentCache full:https://registry.npmjs.org/@babel%2fplugin-transform-modules-umd cache-miss
320 silly fetch manifest @babel/plugin-transform-regenerator@^7.29.0
321 silly packumentCache full:https://registry.npmjs.org/@babel%2fplugin-transform-regenerator cache-miss
322 http fetch GET 200 https://registry.npmjs.org/require-from-string 85ms (cache miss)
323 silly packumentCache full:https://registry.npmjs.org/require-from-string set size:undefined disposed:false
324 silly fetch manifest @babel/plugin-transform-dotall-regex@^7.28.6
325 silly packumentCache full:https://registry.npmjs.org/@babel%2fplugin-transform-dotall-regex cache-miss
326 http fetch GET 200 https://registry.npmjs.org/leven 89ms (cache miss)
327 silly packumentCache full:https://registry.npmjs.org/leven set size:undefined disposed:false
328 silly fetch manifest @babel/plugin-transform-json-strings@^7.28.6
329 silly packumentCache full:https://registry.npmjs.org/@babel%2fplugin-transform-json-strings cache-miss
330 http fetch GET 200 https://registry.npmjs.org/json-schema 94ms (cache miss)
331 silly packumentCache full:https://registry.npmjs.org/json-schema set size:undefined disposed:false
332 silly fetch manifest @babel/plugin-transform-object-super@^7.27.1
333 silly packumentCache full:https://registry.npmjs.org/@babel%2fplugin-transform-object-super cache-miss
334 http fetch GET 200 https://registry.npmjs.org/json-schema-traverse 95ms (cache miss)
335 silly packumentCache full:https://registry.npmjs.org/json-schema-traverse set size:undefined disposed:false
336 silly fetch manifest @babel/plugin-transform-sticky-regex@^7.27.1
337 silly packumentCache full:https://registry.npmjs.org/@babel%2fplugin-transform-sticky-regex cache-miss
338 http fetch GET 200 https://registry.npmjs.org/fast-uri 98ms (cache miss)
339 silly packumentCache full:https://registry.npmjs.org/fast-uri set size:undefined disposed:false
340 silly fetch manifest @babel/plugin-transform-block-scoping@^7.28.6
341 silly packumentCache full:https://registry.npmjs.org/@babel%2fplugin-transform-block-scoping cache-miss
342 http fetch GET 200 https://registry.npmjs.org/babel-plugin-polyfill-corejs2 105ms (cache miss)
343 silly packumentCache full:https://registry.npmjs.org/babel-plugin-polyfill-corejs2 set size:undefined disposed:false
344 silly fetch manifest @babel/plugin-transform-destructuring@^7.28.5
345 silly packumentCache full:https://registry.npmjs.org/@babel%2fplugin-transform-destructuring cache-miss
346 http fetch GET 200 https://registry.npmjs.org/@babel%2fpreset-modules 136ms (cache miss)
347 silly packumentCache full:https://registry.npmjs.org/@babel%2fpreset-modules set size:undefined disposed:false
348 silly fetch manifest @babel/plugin-transform-function-name@^7.27.1
349 silly packumentCache full:https://registry.npmjs.org/@babel%2fplugin-transform-function-name cache-miss
350 http fetch GET 200 https://registry.npmjs.org/@babel%2fplugin-transform-spread 145ms (cache miss)
351 silly packumentCache full:https://registry.npmjs.org/@babel%2fplugin-transform-spread set size:undefined disposed:false
352 silly fetch manifest @babel/plugin-transform-typeof-symbol@^7.27.1
353 silly packumentCache full:https://registry.npmjs.org/@babel%2fplugin-transform-typeof-symbol cache-miss
354 http fetch GET 200 https://registry.npmjs.org/@babel%2fhelper-plugin-utils 169ms (cache miss)
355 silly packumentCache full:https://registry.npmjs.org/@babel%2fhelper-plugin-utils set size:undefined disposed:false
356 silly fetch manifest @babel/plugin-transform-unicode-regex@^7.27.1
357 silly packumentCache full:https://registry.npmjs.org/@babel%2fplugin-transform-unicode-regex cache-miss
358 http fetch GET 200 https://registry.npmjs.org/@babel%2fcompat-data 174ms (cache miss)
359 silly packumentCache full:https://registry.npmjs.org/@babel%2fcompat-data set size:undefined disposed:false
360 silly fetch manifest @babel/plugin-syntax-import-assertions@^7.28.6
361 silly packumentCache full:https://registry.npmjs.org/@babel%2fplugin-syntax-import-assertions cache-miss
362 http fetch GET 200 https://registry.npmjs.org/@babel%2fplugin-transform-literals 180ms (cache miss)
363 silly packumentCache full:https://registry.npmjs.org/@babel%2fplugin-transform-literals set size:undefined disposed:false
364 silly fetch manifest @babel/plugin-syntax-import-attributes@^7.28.6
365 silly packumentCache full:https://registry.npmjs.org/@babel%2fplugin-syntax-import-attributes cache-miss
366 http fetch GET 200 https://registry.npmjs.org/core-js-compat 187ms (cache miss)
367 silly packumentCache full:https://registry.npmjs.org/core-js-compat set size:undefined disposed:false
368 silly fetch manifest @babel/plugin-transform-duplicate-keys@^7.27.1
369 silly packumentCache full:https://registry.npmjs.org/@babel%2fplugin-transform-duplicate-keys cache-miss
370 http fetch GET 200 https://registry.npmjs.org/@babel%2fplugin-transform-for-of 190ms (cache miss)
371 silly packumentCache full:https://registry.npmjs.org/@babel%2fplugin-transform-for-of set size:undefined disposed:false
372 silly fetch manifest @babel/plugin-transform-dynamic-import@^7.27.1
373 silly packumentCache full:https://registry.npmjs.org/@babel%2fplugin-transform-dynamic-import cache-miss
374 http fetch GET 200 https://registry.npmjs.org/babel-plugin-polyfill-regenerator 197ms (cache miss)
375 silly packumentCache full:https://registry.npmjs.org/babel-plugin-polyfill-regenerator set size:undefined disposed:false
376 silly fetch manifest @babel/plugin-transform-reserved-words@^7.27.1
377 silly packumentCache full:https://registry.npmjs.org/@babel%2fplugin-transform-reserved-words cache-miss
378 http fetch GET 200 https://registry.npmjs.org/@babel%2fplugin-transform-classes 214ms (cache miss)
379 silly packumentCache full:https://registry.npmjs.org/@babel%2fplugin-transform-classes set size:undefined disposed:false
380 silly fetch manifest @babel/plugin-syntax-unicode-sets-regex@^7.18.6
381 silly packumentCache full:https://registry.npmjs.org/@babel%2fplugin-syntax-unicode-sets-regex cache-miss
382 http fetch GET 200 https://registry.npmjs.org/@babel%2fplugin-transform-modules-amd 226ms (cache miss)
383 silly packumentCache full:https://registry.npmjs.org/@babel%2fplugin-transform-modules-amd set size:undefined disposed:false
384 silly fetch manifest @babel/plugin-transform-arrow-functions@^7.27.1
385 silly packumentCache full:https://registry.npmjs.org/@babel%2fplugin-transform-arrow-functions cache-miss
386 http fetch GET 200 https://registry.npmjs.org/@babel%2fplugin-transform-dotall-regex 166ms (cache miss)
387 silly packumentCache full:https://registry.npmjs.org/@babel%2fplugin-transform-dotall-regex set size:undefined disposed:false
388 silly fetch manifest @babel/plugin-transform-private-methods@^7.28.6
389 silly packumentCache full:https://registry.npmjs.org/@babel%2fplugin-transform-private-methods cache-miss
390 http fetch GET 200 https://registry.npmjs.org/@babel%2fplugin-transform-json-strings 165ms (cache miss)
391 silly packumentCache full:https://registry.npmjs.org/@babel%2fplugin-transform-json-strings set size:undefined disposed:false
392 silly fetch manifest @babel/plugin-transform-unicode-escapes@^7.27.1
393 silly packumentCache full:https://registry.npmjs.org/@babel%2fplugin-transform-unicode-escapes cache-miss
394 http fetch GET 200 https://registry.npmjs.org/@babel%2fplugin-transform-object-super 187ms (cache miss)
395 silly packumentCache full:https://registry.npmjs.org/@babel%2fplugin-transform-object-super set size:undefined disposed:false
396 silly fetch manifest @babel/plugin-transform-class-properties@^7.28.6
397 silly packumentCache full:https://registry.npmjs.org/@babel%2fplugin-transform-class-properties cache-miss
398 http fetch GET 200 https://registry.npmjs.org/@babel%2fplugin-transform-sticky-regex 192ms (cache miss)
399 silly packumentCache full:https://registry.npmjs.org/@babel%2fplugin-transform-sticky-regex set size:undefined disposed:false
400 silly fetch manifest @babel/plugin-transform-modules-commonjs@^7.28.6
401 silly packumentCache full:https://registry.npmjs.org/@babel%2fplugin-transform-modules-commonjs cache-miss
402 http fetch GET 200 https://registry.npmjs.org/babel-plugin-polyfill-corejs3 291ms (cache miss)
403 silly packumentCache full:https://registry.npmjs.org/babel-plugin-polyfill-corejs3 set size:undefined disposed:false
404 silly fetch manifest @babel/plugin-transform-modules-systemjs@^7.29.0
405 silly packumentCache full:https://registry.npmjs.org/@babel%2fplugin-transform-modules-systemjs cache-miss
406 http fetch GET 200 https://registry.npmjs.org/@babel%2fplugin-transform-destructuring 201ms (cache miss)
407 silly packumentCache full:https://registry.npmjs.org/@babel%2fplugin-transform-destructuring set size:undefined disposed:false
408 silly fetch manifest @babel/plugin-transform-regexp-modifiers@^7.28.6
409 silly packumentCache full:https://registry.npmjs.org/@babel%2fplugin-transform-regexp-modifiers cache-miss
410 http fetch GET 200 https://registry.npmjs.org/@babel%2fplugin-transform-block-scoping 224ms (cache miss)
411 silly packumentCache full:https://registry.npmjs.org/@babel%2fplugin-transform-block-scoping set size:undefined disposed:false
412 silly fetch manifest @babel/plugin-transform-numeric-separator@^7.28.6
413 silly packumentCache full:https://registry.npmjs.org/@babel%2fplugin-transform-numeric-separator cache-miss
414 http fetch GET 200 https://registry.npmjs.org/@babel%2fplugin-transform-function-name 197ms (cache miss)
415 silly packumentCache full:https://registry.npmjs.org/@babel%2fplugin-transform-function-name set size:undefined disposed:false
416 silly fetch manifest @babel/plugin-transform-optional-chaining@^7.28.6
417 silly packumentCache full:https://registry.npmjs.org/@babel%2fplugin-transform-optional-chaining cache-miss
418 http fetch GET 200 https://registry.npmjs.org/@babel%2fplugin-transform-typeof-symbol 197ms (cache miss)
419 silly packumentCache full:https://registry.npmjs.org/@babel%2fplugin-transform-typeof-symbol set size:undefined disposed:false
420 silly fetch manifest @babel/plugin-transform-property-literals@^7.27.1
421 silly packumentCache full:https://registry.npmjs.org/@babel%2fplugin-transform-property-literals cache-miss
422 http fetch GET 200 https://registry.npmjs.org/@babel%2fhelper-compilation-targets 359ms (cache miss)
423 silly packumentCache full:https://registry.npmjs.org/@babel%2fhelper-compilation-targets set size:undefined disposed:false
424 silly fetch manifest @babel/plugin-transform-template-literals@^7.27.1
425 silly packumentCache full:https://registry.npmjs.org/@babel%2fplugin-transform-template-literals cache-miss
426 http fetch GET 200 https://registry.npmjs.org/@babel%2fplugin-transform-unicode-regex 202ms (cache miss)
427 silly packumentCache full:https://registry.npmjs.org/@babel%2fplugin-transform-unicode-regex set size:undefined disposed:false
428 silly fetch manifest @babel/plugin-transform-async-to-generator@^7.28.6
429 silly packumentCache full:https://registry.npmjs.org/@babel%2fplugin-transform-async-to-generator cache-miss
430 http fetch GET 200 https://registry.npmjs.org/@babel%2fplugin-transform-parameters 392ms (cache miss)
431 silly packumentCache full:https://registry.npmjs.org/@babel%2fplugin-transform-parameters set size:undefined disposed:false
432 silly fetch manifest @babel/plugin-transform-class-static-block@^7.28.6
433 silly packumentCache full:https://registry.npmjs.org/@babel%2fplugin-transform-class-static-block cache-miss
434 http fetch GET 200 https://registry.npmjs.org/@babel%2fplugin-transform-new-target 407ms (cache miss)
435 silly packumentCache full:https://registry.npmjs.org/@babel%2fplugin-transform-new-target set size:undefined disposed:false
436 silly fetch manifest @babel/plugin-transform-object-rest-spread@^7.28.6
437 silly packumentCache full:https://registry.npmjs.org/@babel%2fplugin-transform-object-rest-spread cache-miss
438 http fetch GET 200 https://registry.npmjs.org/@babel%2fplugin-transform-dynamic-import 218ms (cache miss)
439 silly packumentCache full:https://registry.npmjs.org/@babel%2fplugin-transform-dynamic-import set size:undefined disposed:false
440 silly fetch manifest @babel/plugin-transform-unicode-sets-regex@^7.28.6
441 silly packumentCache full:https://registry.npmjs.org/@babel%2fplugin-transform-unicode-sets-regex cache-miss
442 http fetch GET 200 https://registry.npmjs.org/@babel%2fplugin-transform-duplicate-keys 227ms (cache miss)
443 silly packumentCache full:https://registry.npmjs.org/@babel%2fplugin-transform-duplicate-keys set size:undefined disposed:false
444 silly fetch manifest @babel/plugin-transform-computed-properties@^7.28.6
445 silly packumentCache full:https://registry.npmjs.org/@babel%2fplugin-transform-computed-properties cache-miss
446 http fetch GET 200 https://registry.npmjs.org/@babel%2fplugin-transform-reserved-words 226ms (cache miss)
447 silly packumentCache full:https://registry.npmjs.org/@babel%2fplugin-transform-reserved-words set size:undefined disposed:false
448 silly fetch manifest @babel/plugin-transform-shorthand-properties@^7.27.1
449 silly packumentCache full:https://registry.npmjs.org/@babel%2fplugin-transform-shorthand-properties cache-miss
450 http fetch GET 200 https://registry.npmjs.org/@babel%2fplugin-transform-modules-umd 439ms (cache miss)
451 silly packumentCache full:https://registry.npmjs.org/@babel%2fplugin-transform-modules-umd set size:undefined disposed:false
452 silly fetch manifest @babel/plugin-transform-export-namespace-from@^7.27.1
453 silly packumentCache full:https://registry.npmjs.org/@babel%2fplugin-transform-export-namespace-from cache-miss
454 http fetch GET 200 https://registry.npmjs.org/@babel%2fplugin-transform-regenerator 452ms (cache miss)
455 silly packumentCache full:https://registry.npmjs.org/@babel%2fplugin-transform-regenerator set size:undefined disposed:false
456 silly fetch manifest @babel/plugin-transform-block-scoped-functions@^7.27.1
457 silly packumentCache full:https://registry.npmjs.org/@babel%2fplugin-transform-block-scoped-functions cache-miss
458 http fetch GET 200 https://registry.npmjs.org/@babel%2fplugin-transform-arrow-functions 235ms (cache miss)
459 silly packumentCache full:https://registry.npmjs.org/@babel%2fplugin-transform-arrow-functions set size:undefined disposed:false
460 silly fetch manifest @babel/plugin-transform-optional-catch-binding@^7.28.6
461 silly packumentCache full:https://registry.npmjs.org/@babel%2fplugin-transform-optional-catch-binding cache-miss
462 http fetch GET 200 https://registry.npmjs.org/@babel%2fplugin-transform-private-methods 216ms (cache miss)
463 silly packumentCache full:https://registry.npmjs.org/@babel%2fplugin-transform-private-methods set size:undefined disposed:false
464 silly fetch manifest @babel/plugin-transform-unicode-property-regex@^7.28.6
465 silly packumentCache full:https://registry.npmjs.org/@babel%2fplugin-transform-unicode-property-regex cache-miss
466 http fetch GET 200 https://registry.npmjs.org/@babel%2fplugin-transform-regexp-modifiers 175ms (cache miss)
467 silly packumentCache full:https://registry.npmjs.org/@babel%2fplugin-transform-regexp-modifiers set size:undefined disposed:false
468 silly fetch manifest @babel/plugin-transform-exponentiation-operator@^7.28.6
469 silly packumentCache full:https://registry.npmjs.org/@babel%2fplugin-transform-exponentiation-operator cache-miss
470 http fetch GET 200 https://registry.npmjs.org/@babel%2fplugin-transform-modules-commonjs 205ms (cache miss)
471 silly packumentCache full:https://registry.npmjs.org/@babel%2fplugin-transform-modules-commonjs set size:undefined disposed:false
472 silly fetch manifest @babel/plugin-proposal-private-property-in-object@7.21.0-placeholder-for-preset-env.2
473 silly packumentCache full:https://registry.npmjs.org/@babel%2fplugin-proposal-private-property-in-object cache-miss
474 http fetch GET 200 https://registry.npmjs.org/@babel%2fplugin-syntax-import-assertions 326ms (cache miss)
475 silly packumentCache full:https://registry.npmjs.org/@babel%2fplugin-syntax-import-assertions set size:undefined disposed:false
476 silly fetch manifest @babel/plugin-transform-async-generator-functions@^7.29.0
477 silly packumentCache full:https://registry.npmjs.org/@babel%2fplugin-transform-async-generator-functions cache-miss
478 http fetch GET 200 https://registry.npmjs.org/@babel%2fplugin-transform-numeric-separator 179ms (cache miss)
479 silly packumentCache full:https://registry.npmjs.org/@babel%2fplugin-transform-numeric-separator set size:undefined disposed:false
480 silly fetch manifest @babel/plugin-transform-member-expression-literals@^7.27.1
481 silly packumentCache full:https://registry.npmjs.org/@babel%2fplugin-transform-member-expression-literals cache-miss
482 http fetch GET 200 https://registry.npmjs.org/@babel%2fplugin-transform-optional-chaining 171ms (cache miss)
483 silly packumentCache full:https://registry.npmjs.org/@babel%2fplugin-transform-optional-chaining set size:undefined disposed:false
484 silly fetch manifest @babel/plugin-transform-private-property-in-object@^7.28.6
485 silly packumentCache full:https://registry.npmjs.org/@babel%2fplugin-transform-private-property-in-object cache-miss
486 http fetch GET 200 https://registry.npmjs.org/@babel%2fplugin-transform-property-literals 170ms (cache miss)
487 silly packumentCache full:https://registry.npmjs.org/@babel%2fplugin-transform-property-literals set size:undefined disposed:false
488 silly fetch manifest @babel/plugin-transform-nullish-coalescing-operator@^7.28.6
489 silly packumentCache full:https://registry.npmjs.org/@babel%2fplugin-transform-nullish-coalescing-operator cache-miss
490 http fetch GET 200 https://registry.npmjs.org/@babel%2fplugin-syntax-import-attributes 341ms (cache miss)
491 silly packumentCache full:https://registry.npmjs.org/@babel%2fplugin-syntax-import-attributes set size:undefined disposed:false
492 silly fetch manifest @babel/plugin-transform-explicit-resource-management@^7.28.6
493 silly packumentCache full:https://registry.npmjs.org/@babel%2fplugin-transform-explicit-resource-management cache-miss
494 http fetch GET 200 https://registry.npmjs.org/@babel%2fplugin-transform-class-static-block 144ms (cache miss)
495 silly packumentCache full:https://registry.npmjs.org/@babel%2fplugin-transform-class-static-block set size:undefined disposed:false
496 silly fetch manifest @babel/plugin-transform-logical-assignment-operators@^7.28.6
497 silly packumentCache full:https://registry.npmjs.org/@babel%2fplugin-transform-logical-assignment-operators cache-miss
498 http fetch GET 200 https://registry.npmjs.org/@babel%2fplugin-transform-async-to-generator 177ms (cache miss)
499 silly packumentCache full:https://registry.npmjs.org/@babel%2fplugin-transform-async-to-generator set size:undefined disposed:false
500 silly fetch manifest @babel/plugin-transform-named-capturing-groups-regex@^7.29.0
501 silly packumentCache full:https://registry.npmjs.org/@babel%2fplugin-transform-named-capturing-groups-regex cache-miss
502 http fetch GET 200 https://registry.npmjs.org/@babel%2fplugin-transform-object-rest-spread 155ms (cache miss)
503 silly packumentCache full:https://registry.npmjs.org/@babel%2fplugin-transform-object-rest-spread set size:undefined disposed:false
504 silly fetch manifest @babel/plugin-bugfix-firefox-class-in-computed-class-key@^7.28.5
505 silly packumentCache full:https://registry.npmjs.org/@babel%2fplugin-bugfix-firefox-class-in-computed-class-key cache-miss
506 http fetch GET 200 https://registry.npmjs.org/jsonpointer 571ms (cache miss)
507 silly packumentCache full:https://registry.npmjs.org/jsonpointer set size:undefined disposed:false
508 silly fetch manifest @babel/plugin-bugfix-safari-class-field-initializer-scope@^7.27.1
509 silly packumentCache full:https://registry.npmjs.org/@babel%2fplugin-bugfix-safari-class-field-initializer-scope cache-miss
510 http fetch GET 200 https://registry.npmjs.org/@babel%2fplugin-transform-unicode-sets-regex 163ms (cache miss)
511 silly packumentCache full:https://registry.npmjs.org/@babel%2fplugin-transform-unicode-sets-regex set size:undefined disposed:false
512 silly fetch manifest @babel/plugin-bugfix-v8-static-class-fields-redefine-readonly@^7.28.6
513 silly packumentCache full:https://registry.npmjs.org/@babel%2fplugin-bugfix-v8-static-class-fields-redefine-readonly cache-miss
514 http fetch GET 200 https://registry.npmjs.org/@babel%2fplugin-syntax-unicode-sets-regex 364ms (cache miss)
515 silly packumentCache full:https://registry.npmjs.org/@babel%2fplugin-syntax-unicode-sets-regex set size:undefined disposed:false
516 silly fetch manifest @babel/plugin-bugfix-v8-spread-parameters-in-optional-chaining@^7.27.1
517 silly packumentCache full:https://registry.npmjs.org/@babel%2fplugin-bugfix-v8-spread-parameters-in-optional-chaining cache-miss
518 http fetch GET 200 https://registry.npmjs.org/@babel%2fplugin-transform-computed-properties 171ms (cache miss)
519 silly packumentCache full:https://registry.npmjs.org/@babel%2fplugin-transform-computed-properties set size:undefined disposed:false
520 silly fetch manifest @babel/plugin-transform-duplicate-named-capturing-groups-regex@^7.29.0
521 silly packumentCache full:https://registry.npmjs.org/@babel%2fplugin-transform-duplicate-named-capturing-groups-regex cache-miss
522 http fetch GET 200 https://registry.npmjs.org/@babel%2fplugin-transform-shorthand-properties 164ms (cache miss)
523 silly packumentCache full:https://registry.npmjs.org/@babel%2fplugin-transform-shorthand-properties set size:undefined disposed:false
524 silly fetch manifest @babel/plugin-bugfix-safari-id-destructuring-collision-in-function-expression@^7.27.1
525 silly packumentCache full:https://registry.npmjs.org/@babel%2fplugin-bugfix-safari-id-destructuring-collision-in-function-expression cache-miss
526 http fetch GET 200 https://registry.npmjs.org/@babel%2fplugin-transform-export-namespace-from 156ms (cache miss)
527 silly packumentCache full:https://registry.npmjs.org/@babel%2fplugin-transform-export-namespace-from set size:undefined disposed:false
528 silly fetch manifest @rollup/pluginutils@^3.1.0
529 silly packumentCache full:https://registry.npmjs.org/@rollup%2fpluginutils cache-miss
530 http fetch GET 200 https://registry.npmjs.org/@babel%2fplugin-transform-optional-catch-binding 133ms (cache miss)
531 silly packumentCache full:https://registry.npmjs.org/@babel%2fplugin-transform-optional-catch-binding set size:undefined disposed:false
532 silly fetch manifest deepmerge@^4.2.2
533 silly packumentCache full:https://registry.npmjs.org/deepmerge cache-miss
534 http fetch GET 200 https://registry.npmjs.org/@babel%2fplugin-transform-class-properties 334ms (cache miss)
535 silly packumentCache full:https://registry.npmjs.org/@babel%2fplugin-transform-class-properties set size:undefined disposed:false
536 silly fetch manifest is-module@^1.0.0
537 silly packumentCache full:https://registry.npmjs.org/is-module cache-miss
538 http fetch GET 200 https://registry.npmjs.org/@babel%2fplugin-transform-unicode-escapes 381ms (cache miss)
539 silly packumentCache full:https://registry.npmjs.org/@babel%2fplugin-transform-unicode-escapes set size:undefined disposed:false
540 silly fetch manifest @types/resolve@1.20.2
541 silly packumentCache full:https://registry.npmjs.org/@types%2fresolve cache-miss
542 http fetch GET 200 https://registry.npmjs.org/@babel%2fplugin-transform-exponentiation-operator 162ms (cache miss)
543 silly packumentCache full:https://registry.npmjs.org/@babel%2fplugin-transform-exponentiation-operator set size:undefined disposed:false
544 silly fetch manifest @rollup/pluginutils@^5.0.1
545 silly packumentCache full:https://registry.npmjs.org/@rollup%2fpluginutils cache-miss
546 http fetch GET 200 https://registry.npmjs.org/@babel%2fplugin-transform-async-generator-functions 150ms (cache miss)
547 silly packumentCache full:https://registry.npmjs.org/@babel%2fplugin-transform-async-generator-functions set size:undefined disposed:false
548 silly fetch manifest magic-string@^0.25.7
549 silly packumentCache full:https://registry.npmjs.org/magic-string cache-miss
550 http fetch GET 200 https://registry.npmjs.org/@babel%2fplugin-proposal-private-property-in-object 165ms (cache miss)
551 silly packumentCache full:https://registry.npmjs.org/@babel%2fplugin-proposal-private-property-in-object set size:undefined disposed:false
552 silly fetch manifest @rollup/pluginutils@^3.1.0
553 silly packumentCache full:https://registry.npmjs.org/@rollup%2fpluginutils cache-miss
554 http fetch GET 200 https://registry.npmjs.org/@babel%2fplugin-transform-member-expression-literals 163ms (cache miss)
555 silly packumentCache full:https://registry.npmjs.org/@babel%2fplugin-transform-member-expression-literals set size:undefined disposed:false
556 silly fetch manifest smob@^1.0.0
557 silly packumentCache full:https://registry.npmjs.org/smob cache-miss
558 http fetch GET 200 https://registry.npmjs.org/@babel%2fplugin-transform-private-property-in-object 166ms (cache miss)
559 silly packumentCache full:https://registry.npmjs.org/@babel%2fplugin-transform-private-property-in-object set size:undefined disposed:false
560 silly fetch manifest terser@^5.17.4
561 silly packumentCache full:https://registry.npmjs.org/terser cache-miss
562 http fetch GET 200 https://registry.npmjs.org/@babel%2fplugin-transform-explicit-resource-management 154ms (cache miss)
563 silly packumentCache full:https://registry.npmjs.org/@babel%2fplugin-transform-explicit-resource-management set size:undefined disposed:false
564 silly fetch manifest serialize-javascript@^6.0.1
565 silly packumentCache full:https://registry.npmjs.org/serialize-javascript cache-miss
566 http fetch GET 200 https://registry.npmjs.org/@babel%2fplugin-transform-logical-assignment-operators 136ms (cache miss)
567 silly packumentCache full:https://registry.npmjs.org/@babel%2fplugin-transform-logical-assignment-operators set size:undefined disposed:false
568 silly fetch manifest ejs@^3.1.6
569 silly packumentCache full:https://registry.npmjs.org/ejs cache-miss
570 http fetch GET 200 https://registry.npmjs.org/@babel%2fplugin-transform-modules-systemjs 390ms (cache miss)
571 silly packumentCache full:https://registry.npmjs.org/@babel%2fplugin-transform-modules-systemjs set size:undefined disposed:false
572 silly fetch manifest magic-string@^0.25.0
573 silly packumentCache full:https://registry.npmjs.org/magic-string cache-miss
574 http cache https://registry.npmjs.org/terser 13ms (cache hit)
575 silly packumentCache full:https://registry.npmjs.org/terser set size:786629 disposed:false
576 silly fetch manifest string.prototype.matchall@^4.0.6
577 silly packumentCache full:https://registry.npmjs.org/string.prototype.matchall cache-miss
578 http fetch GET 200 https://registry.npmjs.org/@babel%2fplugin-bugfix-firefox-class-in-computed-class-key 149ms (cache miss)
579 silly packumentCache full:https://registry.npmjs.org/@babel%2fplugin-bugfix-firefox-class-in-computed-class-key set size:undefined disposed:false
580 silly fetch manifest jsonfile@^6.0.1
581 silly packumentCache full:https://registry.npmjs.org/jsonfile cache-miss
582 http fetch GET 200 https://registry.npmjs.org/@babel%2fplugin-bugfix-v8-spread-parameters-in-optional-chaining 138ms (cache miss)
583 silly packumentCache full:https://registry.npmjs.org/@babel%2fplugin-bugfix-v8-spread-parameters-in-optional-chaining set size:undefined disposed:false
584 silly fetch manifest graceful-fs@^4.2.0
585 silly packumentCache full:https://registry.npmjs.org/graceful-fs cache-miss
586 http fetch GET 200 https://registry.npmjs.org/@babel%2fplugin-transform-template-literals 363ms (cache miss)
587 silly packumentCache full:https://registry.npmjs.org/@babel%2fplugin-transform-template-literals set size:undefined disposed:false
588 silly fetch manifest universalify@^2.0.0
589 silly packumentCache full:https://registry.npmjs.org/universalify cache-miss
590 http fetch GET 200 https://registry.npmjs.org/@babel%2fplugin-transform-duplicate-named-capturing-groups-regex 136ms (cache miss)
591 silly packumentCache full:https://registry.npmjs.org/@babel%2fplugin-transform-duplicate-named-capturing-groups-regex set size:undefined disposed:false
592 silly fetch manifest at-least-node@^1.0.0
593 silly packumentCache full:https://registry.npmjs.org/at-least-node cache-miss
594 http fetch GET 200 https://registry.npmjs.org/is-module 118ms (cache miss)
595 silly packumentCache full:https://registry.npmjs.org/is-module set size:undefined disposed:false
596 silly fetch manifest minipass@^7.1.2
597 silly packumentCache full:https://registry.npmjs.org/minipass cache-miss
598 http fetch GET 200 https://registry.npmjs.org/@babel%2fplugin-bugfix-safari-id-destructuring-collision-in-function-expression 150ms (cache miss)
599 silly packumentCache full:https://registry.npmjs.org/@babel%2fplugin-bugfix-safari-id-destructuring-collision-in-function-expression set size:undefined disposed:false
600 silly fetch manifest jackspeak@^4.1.1
601 silly packumentCache full:https://registry.npmjs.org/jackspeak cache-miss
602 http fetch GET 200 https://registry.npmjs.org/deepmerge 145ms (cache miss)
603 silly packumentCache full:https://registry.npmjs.org/deepmerge set size:undefined disposed:false
604 silly fetch manifest minimatch@^10.1.1
605 silly packumentCache full:https://registry.npmjs.org/minimatch cache-miss
606 http fetch GET 200 https://registry.npmjs.org/@rollup%2fpluginutils 155ms (cache miss)
607 silly packumentCache full:https://registry.npmjs.org/@rollup%2fpluginutils set size:undefined disposed:false
608 silly fetch manifest path-scurry@^2.0.0
609 silly packumentCache full:https://registry.npmjs.org/path-scurry cache-miss
610 http fetch GET 200 https://registry.npmjs.org/@types%2fresolve 120ms (cache miss)
611 silly packumentCache full:https://registry.npmjs.org/@types%2fresolve set size:undefined disposed:false
612 silly fetch manifest foreground-child@^3.3.1
613 silly packumentCache full:https://registry.npmjs.org/foreground-child cache-miss
614 http fetch GET 200 https://registry.npmjs.org/@rollup%2fpluginutils 114ms (cache miss)
615 silly packumentCache full:https://registry.npmjs.org/@rollup%2fpluginutils set size:undefined disposed:false
616 silly fetch manifest package-json-from-dist@^1.0.0
617 silly packumentCache full:https://registry.npmjs.org/package-json-from-dist cache-miss
618 http fetch GET 200 https://registry.npmjs.org/@babel%2fplugin-transform-block-scoped-functions 318ms (cache miss)
619 silly packumentCache full:https://registry.npmjs.org/@babel%2fplugin-transform-block-scoped-functions set size:undefined disposed:false
620 silly fetch manifest whatwg-url@^7.0.0
621 silly packumentCache full:https://registry.npmjs.org/whatwg-url cache-miss
622 http fetch GET 200 https://registry.npmjs.org/@babel%2fplugin-transform-unicode-property-regex 311ms (cache miss)
623 silly packumentCache full:https://registry.npmjs.org/@babel%2fplugin-transform-unicode-property-regex set size:undefined disposed:false
624 silly fetch manifest is-obj@^1.0.1
625 silly packumentCache full:https://registry.npmjs.org/is-obj cache-miss
626 http fetch GET 200 https://registry.npmjs.org/magic-string 140ms (cache miss)
627 silly packumentCache full:https://registry.npmjs.org/magic-string set size:undefined disposed:false
628 silly fetch manifest is-regexp@^1.0.0
629 silly packumentCache full:https://registry.npmjs.org/is-regexp cache-miss
630 http fetch GET 200 https://registry.npmjs.org/serialize-javascript 127ms (cache miss)
631 silly packumentCache full:https://registry.npmjs.org/serialize-javascript set size:undefined disposed:false
632 silly fetch manifest get-own-enumerable-property-symbols@^3.0.0
633 silly packumentCache full:https://registry.npmjs.org/get-own-enumerable-property-symbols cache-miss
634 http fetch GET 200 https://registry.npmjs.org/@rollup%2fpluginutils 147ms (cache miss)
635 silly packumentCache full:https://registry.npmjs.org/@rollup%2fpluginutils set size:undefined disposed:false
636 silly fetch manifest temp-dir@^2.0.0
637 silly packumentCache full:https://registry.npmjs.org/temp-dir cache-miss
638 http fetch GET 200 https://registry.npmjs.org/magic-string 140ms (cache miss)
639 silly packumentCache full:https://registry.npmjs.org/magic-string set size:undefined disposed:false
640 silly fetch manifest is-stream@^2.0.0
641 silly packumentCache full:https://registry.npmjs.org/is-stream cache-miss
642 http fetch GET 200 https://registry.npmjs.org/jsonfile 117ms (cache miss)
643 silly packumentCache full:https://registry.npmjs.org/jsonfile set size:undefined disposed:false
644 silly fetch manifest type-fest@^0.16.0
645 silly packumentCache full:https://registry.npmjs.org/type-fest cache-miss
646 http fetch GET 200 https://registry.npmjs.org/string.prototype.matchall 144ms (cache miss)
647 silly packumentCache full:https://registry.npmjs.org/string.prototype.matchall set size:undefined disposed:false
648 silly fetch manifest unique-string@^2.0.0
649 silly packumentCache full:https://registry.npmjs.org/unique-string cache-miss
650 http fetch GET 200 https://registry.npmjs.org/graceful-fs 120ms (cache miss)
651 silly packumentCache full:https://registry.npmjs.org/graceful-fs set size:undefined disposed:false
652 silly fetch manifest idb@^7.0.1
653 silly packumentCache full:https://registry.npmjs.org/idb cache-miss
654 http fetch GET 200 https://registry.npmjs.org/universalify 122ms (cache miss)
655 silly packumentCache full:https://registry.npmjs.org/universalify set size:undefined disposed:false
656 silly fetch manifest idb@^7.0.1
657 silly packumentCache full:https://registry.npmjs.org/idb cache-miss
658 http fetch GET 200 https://registry.npmjs.org/@babel%2fplugin-transform-named-capturing-groups-regex 300ms (cache miss)
659 silly packumentCache full:https://registry.npmjs.org/@babel%2fplugin-transform-named-capturing-groups-regex set size:undefined disposed:false
660 http fetch GET 200 https://registry.npmjs.org/minipass 144ms (cache miss)
661 silly packumentCache full:https://registry.npmjs.org/minipass set size:undefined disposed:false
662 http fetch GET 200 https://registry.npmjs.org/jackspeak 142ms (cache miss)
663 silly packumentCache full:https://registry.npmjs.org/jackspeak set size:undefined disposed:false
664 http fetch GET 200 https://registry.npmjs.org/@babel%2fplugin-bugfix-safari-class-field-initializer-scope 318ms (cache miss)
665 silly packumentCache full:https://registry.npmjs.org/@babel%2fplugin-bugfix-safari-class-field-initializer-scope set size:undefined disposed:false
666 http fetch GET 200 https://registry.npmjs.org/path-scurry 153ms (cache miss)
667 silly packumentCache full:https://registry.npmjs.org/path-scurry set size:undefined disposed:false
668 http fetch GET 200 https://registry.npmjs.org/package-json-from-dist 160ms (cache miss)
669 silly packumentCache full:https://registry.npmjs.org/package-json-from-dist set size:undefined disposed:false
670 http fetch GET 200 https://registry.npmjs.org/foreground-child 167ms (cache miss)
671 silly packumentCache full:https://registry.npmjs.org/foreground-child set size:undefined disposed:false
672 http fetch GET 200 https://registry.npmjs.org/minimatch 179ms (cache miss)
673 silly packumentCache full:https://registry.npmjs.org/minimatch set size:undefined disposed:false
674 http fetch GET 200 https://registry.npmjs.org/@babel%2fplugin-bugfix-v8-static-class-fields-redefine-readonly 355ms (cache miss)
675 silly packumentCache full:https://registry.npmjs.org/@babel%2fplugin-bugfix-v8-static-class-fields-redefine-readonly set size:undefined disposed:false
676 http fetch GET 200 https://registry.npmjs.org/is-obj 149ms (cache miss)
677 silly packumentCache full:https://registry.npmjs.org/is-obj set size:undefined disposed:false
678 http fetch GET 200 https://registry.npmjs.org/is-regexp 156ms (cache miss)
679 silly packumentCache full:https://registry.npmjs.org/is-regexp set size:undefined disposed:false
680 http fetch GET 200 https://registry.npmjs.org/whatwg-url 181ms (cache miss)
681 silly packumentCache full:https://registry.npmjs.org/whatwg-url set size:undefined disposed:false
682 http fetch GET 200 https://registry.npmjs.org/temp-dir 146ms (cache miss)
683 silly packumentCache full:https://registry.npmjs.org/temp-dir set size:undefined disposed:false
684 http fetch GET 200 https://registry.npmjs.org/get-own-enumerable-property-symbols 156ms (cache miss)
685 silly packumentCache full:https://registry.npmjs.org/get-own-enumerable-property-symbols set size:undefined disposed:false
686 http fetch GET 200 https://registry.npmjs.org/is-stream 133ms (cache miss)
687 silly packumentCache full:https://registry.npmjs.org/is-stream set size:undefined disposed:false
688 http fetch GET 200 https://registry.npmjs.org/ejs 331ms (cache miss)
689 silly packumentCache full:https://registry.npmjs.org/ejs set size:undefined disposed:false
690 http fetch GET 200 https://registry.npmjs.org/type-fest 180ms (cache miss)
691 silly packumentCache full:https://registry.npmjs.org/type-fest set size:undefined disposed:false
692 http fetch GET 200 https://registry.npmjs.org/at-least-node 294ms (cache miss)
693 silly packumentCache full:https://registry.npmjs.org/at-least-node set size:undefined disposed:false
694 http fetch GET 200 https://registry.npmjs.org/@babel%2fplugin-transform-nullish-coalescing-operator 503ms (cache miss)
695 silly packumentCache full:https://registry.npmjs.org/@babel%2fplugin-transform-nullish-coalescing-operator set size:undefined disposed:false
696 http fetch GET 200 https://registry.npmjs.org/unique-string 312ms (cache miss)
697 silly packumentCache full:https://registry.npmjs.org/unique-string set size:undefined disposed:false
698 http fetch GET 200 https://registry.npmjs.org/idb 337ms (cache miss)
699 silly packumentCache full:https://registry.npmjs.org/idb set size:undefined disposed:false
700 http fetch GET 200 https://registry.npmjs.org/idb 337ms (cache miss)
701 silly packumentCache full:https://registry.npmjs.org/idb set size:undefined disposed:false
702 http fetch GET 200 https://registry.npmjs.org/smob 664ms (cache miss)
703 silly packumentCache full:https://registry.npmjs.org/smob set size:undefined disposed:false
704 silly fetch manifest @babel/core@^7.0.0-0
705 silly packumentCache full:https://registry.npmjs.org/@babel%2fcore cache-miss
706 http cache https://registry.npmjs.org/@babel%2fcore 8ms (cache hit)
707 silly packumentCache full:https://registry.npmjs.org/@babel%2fcore set size:756140 disposed:false
708 silly placeDep ROOT @babel/compat-data@7.29.0 REPLACE for: @babel/preset-env@7.29.0 want: ^7.29.0
709 silly placeDep ROOT @babel/helper-compilation-targets@7.28.6 REPLACE for: @babel/preset-env@7.29.0 want: ^7.28.6
710 silly placeDep ROOT @babel/helper-plugin-utils@7.28.6 REPLACE for: @babel/preset-env@7.29.0 want: ^7.28.6
711 silly placeDep ROOT @babel/plugin-bugfix-firefox-class-in-computed-class-key@7.28.5 OK for: @babel/preset-env@7.29.0 want: ^7.28.5
712 silly placeDep ROOT @babel/plugin-bugfix-safari-class-field-initializer-scope@7.27.1 OK for: @babel/preset-env@7.29.0 want: ^7.27.1
713 silly placeDep ROOT @babel/plugin-bugfix-safari-id-destructuring-collision-in-function-expression@7.27.1 OK for: @babel/preset-env@7.29.0 want: ^7.27.1
714 silly placeDep ROOT @babel/plugin-bugfix-v8-spread-parameters-in-optional-chaining@7.27.1 OK for: @babel/preset-env@7.29.0 want: ^7.27.1
715 silly placeDep ROOT @babel/plugin-bugfix-v8-static-class-fields-redefine-readonly@7.28.6 OK for: @babel/preset-env@7.29.0 want: ^7.28.6
716 silly placeDep ROOT @babel/plugin-proposal-private-property-in-object@7.21.0-placeholder-for-preset-env.2 OK for: @babel/preset-env@7.29.0 want: 7.21.0-placeholder-for-preset-env.2
717 silly placeDep ROOT @babel/plugin-syntax-import-assertions@7.28.6 OK for: @babel/preset-env@7.29.0 want: ^7.28.6
718 silly placeDep ROOT @babel/plugin-syntax-import-attributes@7.28.6 OK for: @babel/preset-env@7.29.0 want: ^7.28.6
719 silly placeDep ROOT @babel/plugin-syntax-unicode-sets-regex@7.18.6 OK for: @babel/preset-env@7.29.0 want: ^7.18.6
720 silly placeDep ROOT @babel/plugin-transform-arrow-functions@7.27.1 OK for: @babel/preset-env@7.29.0 want: ^7.27.1
721 silly placeDep ROOT @babel/plugin-transform-async-generator-functions@7.29.0 OK for: @babel/preset-env@7.29.0 want: ^7.29.0
722 silly placeDep ROOT @babel/plugin-transform-async-to-generator@7.28.6 OK for: @babel/preset-env@7.29.0 want: ^7.28.6
723 silly placeDep ROOT @babel/plugin-transform-block-scoped-functions@7.27.1 OK for: @babel/preset-env@7.29.0 want: ^7.27.1
724 silly placeDep ROOT @babel/plugin-transform-block-scoping@7.28.6 OK for: @babel/preset-env@7.29.0 want: ^7.28.6
725 silly placeDep ROOT @babel/plugin-transform-class-properties@7.28.6 OK for: @babel/preset-env@7.29.0 want: ^7.28.6
726 silly placeDep ROOT @babel/plugin-transform-class-static-block@7.28.6 OK for: @babel/preset-env@7.29.0 want: ^7.28.6
727 silly placeDep ROOT @babel/plugin-transform-classes@7.28.6 OK for: @babel/preset-env@7.29.0 want: ^7.28.6
728 silly placeDep ROOT @babel/plugin-transform-computed-properties@7.28.6 OK for: @babel/preset-env@7.29.0 want: ^7.28.6
729 silly placeDep ROOT @babel/plugin-transform-destructuring@7.28.5 OK for: @babel/preset-env@7.29.0 want: ^7.28.5
730 silly placeDep ROOT @babel/plugin-transform-dotall-regex@7.28.6 OK for: @babel/preset-env@7.29.0 want: ^7.28.6
731 silly placeDep ROOT @babel/plugin-transform-duplicate-keys@7.27.1 OK for: @babel/preset-env@7.29.0 want: ^7.27.1
732 silly placeDep ROOT @babel/plugin-transform-duplicate-named-capturing-groups-regex@7.29.0 OK for: @babel/preset-env@7.29.0 want: ^7.29.0
733 silly placeDep ROOT @babel/plugin-transform-dynamic-import@7.27.1 OK for: @babel/preset-env@7.29.0 want: ^7.27.1
734 silly placeDep ROOT @babel/plugin-transform-explicit-resource-management@7.28.6 OK for: @babel/preset-env@7.29.0 want: ^7.28.6
735 silly placeDep ROOT @babel/plugin-transform-exponentiation-operator@7.28.6 OK for: @babel/preset-env@7.29.0 want: ^7.28.6
736 silly placeDep ROOT @babel/plugin-transform-export-namespace-from@7.27.1 OK for: @babel/preset-env@7.29.0 want: ^7.27.1
737 silly placeDep ROOT @babel/plugin-transform-for-of@7.27.1 OK for: @babel/preset-env@7.29.0 want: ^7.27.1
738 silly placeDep ROOT @babel/plugin-transform-function-name@7.27.1 OK for: @babel/preset-env@7.29.0 want: ^7.27.1
739 silly placeDep ROOT @babel/plugin-transform-json-strings@7.28.6 OK for: @babel/preset-env@7.29.0 want: ^7.28.6
740 silly placeDep ROOT @babel/plugin-transform-literals@7.27.1 OK for: @babel/preset-env@7.29.0 want: ^7.27.1
741 silly placeDep ROOT @babel/plugin-transform-logical-assignment-operators@7.28.6 OK for: @babel/preset-env@7.29.0 want: ^7.28.6
742 silly placeDep ROOT @babel/plugin-transform-member-expression-literals@7.27.1 OK for: @babel/preset-env@7.29.0 want: ^7.27.1
743 silly placeDep ROOT @babel/plugin-transform-modules-amd@7.27.1 OK for: @babel/preset-env@7.29.0 want: ^7.27.1
744 silly placeDep ROOT @babel/plugin-transform-modules-commonjs@7.28.6 OK for: @babel/preset-env@7.29.0 want: ^7.28.6
745 silly placeDep ROOT @babel/plugin-transform-modules-systemjs@7.29.0 OK for: @babel/preset-env@7.29.0 want: ^7.29.0
746 silly placeDep ROOT @babel/plugin-transform-modules-umd@7.27.1 OK for: @babel/preset-env@7.29.0 want: ^7.27.1
747 silly placeDep ROOT @babel/plugin-transform-named-capturing-groups-regex@7.29.0 OK for: @babel/preset-env@7.29.0 want: ^7.29.0
748 silly placeDep ROOT @babel/plugin-transform-new-target@7.27.1 OK for: @babel/preset-env@7.29.0 want: ^7.27.1
749 silly placeDep ROOT @babel/plugin-transform-nullish-coalescing-operator@7.28.6 OK for: @babel/preset-env@7.29.0 want: ^7.28.6
750 silly placeDep ROOT @babel/plugin-transform-numeric-separator@7.28.6 OK for: @babel/preset-env@7.29.0 want: ^7.28.6
751 silly placeDep ROOT @babel/plugin-transform-object-rest-spread@7.28.6 OK for: @babel/preset-env@7.29.0 want: ^7.28.6
752 silly placeDep ROOT @babel/plugin-transform-object-super@7.27.1 OK for: @babel/preset-env@7.29.0 want: ^7.27.1
753 silly placeDep ROOT @babel/plugin-transform-optional-catch-binding@7.28.6 OK for: @babel/preset-env@7.29.0 want: ^7.28.6
754 silly placeDep ROOT @babel/plugin-transform-optional-chaining@7.28.6 OK for: @babel/preset-env@7.29.0 want: ^7.28.6
755 silly placeDep ROOT @babel/plugin-transform-parameters@7.27.7 OK for: @babel/preset-env@7.29.0 want: ^7.27.7
756 silly placeDep ROOT @babel/plugin-transform-private-methods@7.28.6 OK for: @babel/preset-env@7.29.0 want: ^7.28.6
757 silly placeDep ROOT @babel/plugin-transform-private-property-in-object@7.28.6 OK for: @babel/preset-env@7.29.0 want: ^7.28.6
758 silly placeDep ROOT @babel/plugin-transform-property-literals@7.27.1 OK for: @babel/preset-env@7.29.0 want: ^7.27.1
759 silly placeDep ROOT @babel/plugin-transform-regenerator@7.29.0 OK for: @babel/preset-env@7.29.0 want: ^7.29.0
760 silly placeDep ROOT @babel/plugin-transform-regexp-modifiers@7.28.6 OK for: @babel/preset-env@7.29.0 want: ^7.28.6
761 silly placeDep ROOT @babel/plugin-transform-reserved-words@7.27.1 OK for: @babel/preset-env@7.29.0 want: ^7.27.1
762 silly placeDep ROOT @babel/plugin-transform-shorthand-properties@7.27.1 OK for: @babel/preset-env@7.29.0 want: ^7.27.1
763 silly placeDep ROOT @babel/plugin-transform-spread@7.28.6 OK for: @babel/preset-env@7.29.0 want: ^7.28.6
764 silly placeDep ROOT @babel/plugin-transform-sticky-regex@7.27.1 OK for: @babel/preset-env@7.29.0 want: ^7.27.1
765 silly placeDep ROOT @babel/plugin-transform-template-literals@7.27.1 OK for: @babel/preset-env@7.29.0 want: ^7.27.1
766 silly placeDep ROOT @babel/plugin-transform-typeof-symbol@7.27.1 OK for: @babel/preset-env@7.29.0 want: ^7.27.1
767 silly placeDep ROOT @babel/plugin-transform-unicode-escapes@7.27.1 OK for: @babel/preset-env@7.29.0 want: ^7.27.1
768 silly placeDep ROOT @babel/plugin-transform-unicode-property-regex@7.28.6 OK for: @babel/preset-env@7.29.0 want: ^7.28.6
769 silly placeDep ROOT @babel/plugin-transform-unicode-regex@7.27.1 OK for: @babel/preset-env@7.29.0 want: ^7.27.1
770 silly placeDep ROOT @babel/plugin-transform-unicode-sets-regex@7.28.6 OK for: @babel/preset-env@7.29.0 want: ^7.28.6
771 silly placeDep ROOT @babel/preset-modules@0.1.6-no-external-plugins OK for: @babel/preset-env@7.29.0 want: 0.1.6-no-external-plugins
772 silly placeDep ROOT babel-plugin-polyfill-corejs2@0.4.16 OK for: @babel/preset-env@7.29.0 want: ^0.4.15
773 silly placeDep ROOT babel-plugin-polyfill-corejs3@0.14.1 OK for: @babel/preset-env@7.29.0 want: ^0.14.0
774 silly placeDep ROOT babel-plugin-polyfill-regenerator@0.6.7 OK for: @babel/preset-env@7.29.0 want: ^0.6.6
775 silly placeDep ROOT core-js-compat@3.48.0 OK for: @babel/preset-env@7.29.0 want: ^3.48.0
776 silly fetch manifest @babel/plugin-transform-optional-chaining@^7.27.1
777 silly packumentCache full:https://registry.npmjs.org/@babel%2fplugin-transform-optional-chaining cache-miss
778 silly fetch manifest @babel/helper-skip-transparent-expression-wrappers@^7.27.1
779 silly packumentCache full:https://registry.npmjs.org/@babel%2fhelper-skip-transparent-expression-wrappers cache-miss
780 silly fetch manifest @babel/traverse@^7.28.6
781 silly packumentCache full:https://registry.npmjs.org/@babel%2ftraverse cache-miss
782 silly fetch manifest @babel/helper-create-regexp-features-plugin@^7.18.6
783 silly packumentCache full:https://registry.npmjs.org/@babel%2fhelper-create-regexp-features-plugin cache-miss
784 silly fetch manifest @babel/traverse@^7.29.0
785 silly packumentCache full:https://registry.npmjs.org/@babel%2ftraverse cache-miss
786 silly fetch manifest @babel/helper-remap-async-to-generator@^7.27.1
787 silly packumentCache full:https://registry.npmjs.org/@babel%2fhelper-remap-async-to-generator cache-miss
788 silly fetch manifest @babel/helper-module-imports@^7.28.6
789 silly packumentCache full:https://registry.npmjs.org/@babel%2fhelper-module-imports cache-miss
790 silly fetch manifest @babel/helper-remap-async-to-generator@^7.27.1
791 silly packumentCache full:https://registry.npmjs.org/@babel%2fhelper-remap-async-to-generator cache-miss
792 silly fetch manifest @babel/helper-create-class-features-plugin@^7.28.6
793 silly packumentCache full:https://registry.npmjs.org/@babel%2fhelper-create-class-features-plugin cache-miss
794 silly fetch manifest @babel/helper-create-class-features-plugin@^7.28.6
795 silly packumentCache full:https://registry.npmjs.org/@babel%2fhelper-create-class-features-plugin cache-miss
796 silly fetch manifest @babel/traverse@^7.28.6
797 silly packumentCache full:https://registry.npmjs.org/@babel%2ftraverse cache-miss
798 silly fetch manifest @babel/helper-replace-supers@^7.28.6
799 silly packumentCache full:https://registry.npmjs.org/@babel%2fhelper-replace-supers cache-miss
800 silly fetch manifest @babel/helper-annotate-as-pure@^7.27.3
801 silly packumentCache full:https://registry.npmjs.org/@babel%2fhelper-annotate-as-pure cache-miss
802 silly fetch manifest @babel/template@^7.28.6
803 silly packumentCache full:https://registry.npmjs.org/@babel%2ftemplate cache-miss
804 silly fetch manifest @babel/helper-create-regexp-features-plugin@^7.28.5
805 silly packumentCache full:https://registry.npmjs.org/@babel%2fhelper-create-regexp-features-plugin cache-miss
806 silly fetch manifest @babel/helper-create-regexp-features-plugin@^7.28.5
807 silly packumentCache full:https://registry.npmjs.org/@babel%2fhelper-create-regexp-features-plugin cache-miss
808 silly fetch manifest @babel/helper-skip-transparent-expression-wrappers@^7.27.1
809 silly packumentCache full:https://registry.npmjs.org/@babel%2fhelper-skip-transparent-expression-wrappers cache-miss
810 silly fetch manifest @babel/helper-module-transforms@^7.28.6
811 silly packumentCache full:https://registry.npmjs.org/@babel%2fhelper-module-transforms cache-miss
812 silly fetch manifest @babel/traverse@^7.29.0
813 silly packumentCache full:https://registry.npmjs.org/@babel%2ftraverse cache-miss
814 silly fetch manifest @babel/helper-module-transforms@^7.28.6
815 silly packumentCache full:https://registry.npmjs.org/@babel%2fhelper-module-transforms cache-miss
816 silly fetch manifest @babel/helper-create-regexp-features-plugin@^7.28.5
817 silly packumentCache full:https://registry.npmjs.org/@babel%2fhelper-create-regexp-features-plugin cache-miss
818 silly fetch manifest @babel/traverse@^7.28.6
819 silly packumentCache full:https://registry.npmjs.org/@babel%2ftraverse cache-miss
820 silly fetch manifest @babel/helper-replace-supers@^7.27.1
821 silly packumentCache full:https://registry.npmjs.org/@babel%2fhelper-replace-supers cache-miss
822 http cache https://registry.npmjs.org/@babel%2fplugin-transform-optional-chaining 21ms (cache hit)
823 silly packumentCache full:https://registry.npmjs.org/@babel%2fplugin-transform-optional-chaining set size:102267 disposed:false
824 silly fetch manifest @babel/helper-skip-transparent-expression-wrappers@^7.27.1
825 silly packumentCache full:https://registry.npmjs.org/@babel%2fhelper-skip-transparent-expression-wrappers cache-miss
826 http fetch GET 200 https://registry.npmjs.org/@babel%2fhelper-skip-transparent-expression-wrappers 88ms (cache miss)
827 silly packumentCache full:https://registry.npmjs.org/@babel%2fhelper-skip-transparent-expression-wrappers set size:undefined disposed:false
828 silly fetch manifest @babel/helper-create-class-features-plugin@^7.28.6
829 silly packumentCache full:https://registry.npmjs.org/@babel%2fhelper-create-class-features-plugin cache-miss
830 http fetch GET 200 https://registry.npmjs.org/@babel%2fhelper-remap-async-to-generator 118ms (cache miss)
831 silly packumentCache full:https://registry.npmjs.org/@babel%2fhelper-remap-async-to-generator set size:undefined disposed:false
832 silly fetch manifest @babel/helper-annotate-as-pure@^7.27.3
833 silly packumentCache full:https://registry.npmjs.org/@babel%2fhelper-annotate-as-pure cache-miss
834 http fetch GET 200 https://registry.npmjs.org/@babel%2fhelper-remap-async-to-generator 125ms (cache miss)
835 silly packumentCache full:https://registry.npmjs.org/@babel%2fhelper-remap-async-to-generator set size:undefined disposed:false
836 silly fetch manifest @babel/helper-create-class-features-plugin@^7.28.6
837 silly packumentCache full:https://registry.npmjs.org/@babel%2fhelper-create-class-features-plugin cache-miss
838 http fetch GET 200 https://registry.npmjs.org/@babel%2fhelper-module-imports 131ms (cache miss)
839 silly packumentCache full:https://registry.npmjs.org/@babel%2fhelper-module-imports set size:undefined disposed:false
840 silly fetch manifest @babel/helper-create-regexp-features-plugin@^7.28.5
841 silly packumentCache full:https://registry.npmjs.org/@babel%2fhelper-create-regexp-features-plugin cache-miss
842 http fetch GET 200 https://registry.npmjs.org/@babel%2fhelper-annotate-as-pure 133ms (cache miss)
843 silly packumentCache full:https://registry.npmjs.org/@babel%2fhelper-annotate-as-pure set size:undefined disposed:false
844 silly fetch manifest @babel/helper-create-regexp-features-plugin@^7.28.5
845 silly packumentCache full:https://registry.npmjs.org/@babel%2fhelper-create-regexp-features-plugin cache-miss
846 http fetch GET 200 https://registry.npmjs.org/@babel%2fhelper-skip-transparent-expression-wrappers 155ms (cache miss)
847 silly packumentCache full:https://registry.npmjs.org/@babel%2fhelper-skip-transparent-expression-wrappers set size:undefined disposed:false
848 silly fetch manifest @babel/helper-create-regexp-features-plugin@^7.27.1
849 silly packumentCache full:https://registry.npmjs.org/@babel%2fhelper-create-regexp-features-plugin cache-miss
850 http fetch GET 200 https://registry.npmjs.org/@babel%2fhelper-module-transforms 205ms (cache miss)
851 silly packumentCache full:https://registry.npmjs.org/@babel%2fhelper-module-transforms set size:undefined disposed:false
852 silly fetch manifest @babel/helper-create-regexp-features-plugin@^7.28.5
853 silly packumentCache full:https://registry.npmjs.org/@babel%2fhelper-create-regexp-features-plugin cache-miss
854 http fetch GET 200 https://registry.npmjs.org/@babel%2fhelper-module-transforms 219ms (cache miss)
855 silly packumentCache full:https://registry.npmjs.org/@babel%2fhelper-module-transforms set size:undefined disposed:false
856 silly fetch manifest @babel/helper-define-polyfill-provider@^0.6.7
857 silly packumentCache full:https://registry.npmjs.org/@babel%2fhelper-define-polyfill-provider cache-miss
858 http fetch GET 200 https://registry.npmjs.org/@babel%2fhelper-create-regexp-features-plugin 317ms (cache miss)
859 silly packumentCache full:https://registry.npmjs.org/@babel%2fhelper-create-regexp-features-plugin set size:undefined disposed:false
860 silly fetch manifest @babel/helper-define-polyfill-provider@^0.6.7
861 silly packumentCache full:https://registry.npmjs.org/@babel%2fhelper-define-polyfill-provider cache-miss
862 http fetch GET 200 https://registry.npmjs.org/@babel%2fhelper-create-class-features-plugin 328ms (cache miss)
863 silly packumentCache full:https://registry.npmjs.org/@babel%2fhelper-create-class-features-plugin set size:undefined disposed:false
864 silly fetch manifest @babel/helper-define-polyfill-provider@^0.6.7
865 silly packumentCache full:https://registry.npmjs.org/@babel%2fhelper-define-polyfill-provider cache-miss
866 http fetch GET 200 https://registry.npmjs.org/@babel%2fhelper-create-regexp-features-plugin 343ms (cache miss)
867 silly packumentCache full:https://registry.npmjs.org/@babel%2fhelper-create-regexp-features-plugin set size:undefined disposed:false
868 http fetch GET 200 https://registry.npmjs.org/@babel%2fhelper-create-regexp-features-plugin 340ms (cache miss)
869 silly packumentCache full:https://registry.npmjs.org/@babel%2fhelper-create-regexp-features-plugin set size:undefined disposed:false
870 http fetch GET 200 https://registry.npmjs.org/@babel%2fhelper-create-regexp-features-plugin 342ms (cache miss)
871 silly packumentCache full:https://registry.npmjs.org/@babel%2fhelper-create-regexp-features-plugin set size:undefined disposed:false
872 http fetch GET 200 https://registry.npmjs.org/@babel%2fhelper-skip-transparent-expression-wrappers 328ms (cache miss)
873 silly packumentCache full:https://registry.npmjs.org/@babel%2fhelper-skip-transparent-expression-wrappers set size:undefined disposed:false
874 http fetch GET 200 https://registry.npmjs.org/@babel%2fhelper-create-class-features-plugin 349ms (cache miss)
875 silly packumentCache full:https://registry.npmjs.org/@babel%2fhelper-create-class-features-plugin set size:undefined disposed:false
876 http fetch GET 200 https://registry.npmjs.org/@babel%2fhelper-annotate-as-pure 273ms (cache miss)
877 silly packumentCache full:https://registry.npmjs.org/@babel%2fhelper-annotate-as-pure set size:undefined disposed:false
878 http fetch GET 200 https://registry.npmjs.org/@babel%2fhelper-create-class-features-plugin 344ms (cache miss)
879 silly packumentCache full:https://registry.npmjs.org/@babel%2fhelper-create-class-features-plugin set size:undefined disposed:false
880 http fetch GET 200 https://registry.npmjs.org/@babel%2fhelper-create-regexp-features-plugin 305ms (cache miss)
881 silly packumentCache full:https://registry.npmjs.org/@babel%2fhelper-create-regexp-features-plugin set size:undefined disposed:false
882 http fetch GET 200 https://registry.npmjs.org/@babel%2fhelper-create-class-features-plugin 333ms (cache miss)
883 silly packumentCache full:https://registry.npmjs.org/@babel%2fhelper-create-class-features-plugin set size:undefined disposed:false
884 http fetch GET 200 https://registry.npmjs.org/@babel%2fhelper-create-regexp-features-plugin 263ms (cache miss)
885 silly packumentCache full:https://registry.npmjs.org/@babel%2fhelper-create-regexp-features-plugin set size:undefined disposed:false
886 http fetch GET 200 https://registry.npmjs.org/@babel%2fhelper-create-regexp-features-plugin 339ms (cache miss)
887 silly packumentCache full:https://registry.npmjs.org/@babel%2fhelper-create-regexp-features-plugin set size:undefined disposed:false
888 http fetch GET 200 https://registry.npmjs.org/@babel%2fhelper-create-regexp-features-plugin 318ms (cache miss)
889 silly packumentCache full:https://registry.npmjs.org/@babel%2fhelper-create-regexp-features-plugin set size:undefined disposed:false
890 http fetch GET 200 https://registry.npmjs.org/@babel%2fhelper-replace-supers 635ms (cache miss)
891 silly packumentCache full:https://registry.npmjs.org/@babel%2fhelper-replace-supers set size:undefined disposed:false
892 http fetch GET 200 https://registry.npmjs.org/@babel%2fhelper-define-polyfill-provider 423ms (cache miss)
893 silly packumentCache full:https://registry.npmjs.org/@babel%2fhelper-define-polyfill-provider set size:undefined disposed:false
894 http fetch GET 200 https://registry.npmjs.org/@babel%2fhelper-define-polyfill-provider 325ms (cache miss)
895 silly packumentCache full:https://registry.npmjs.org/@babel%2fhelper-define-polyfill-provider set size:undefined disposed:false
896 http fetch GET 200 https://registry.npmjs.org/@babel%2fhelper-define-polyfill-provider 323ms (cache miss)
897 silly packumentCache full:https://registry.npmjs.org/@babel%2fhelper-define-polyfill-provider set size:undefined disposed:false
898 http fetch GET 200 https://registry.npmjs.org/@babel%2fhelper-replace-supers 791ms (cache miss)
899 silly packumentCache full:https://registry.npmjs.org/@babel%2fhelper-replace-supers set size:undefined disposed:false
900 http fetch GET 200 https://registry.npmjs.org/@babel%2ftemplate 843ms (cache miss)
901 silly packumentCache full:https://registry.npmjs.org/@babel%2ftemplate set size:undefined disposed:false
902 http fetch GET 200 https://registry.npmjs.org/@babel%2ftraverse 1117ms (cache miss)
903 silly packumentCache full:https://registry.npmjs.org/@babel%2ftraverse set size:undefined disposed:false
904 http fetch GET 200 https://registry.npmjs.org/@babel%2ftraverse 1171ms (cache miss)
905 silly packumentCache full:https://registry.npmjs.org/@babel%2ftraverse set size:undefined disposed:false
906 http fetch GET 200 https://registry.npmjs.org/@babel%2ftraverse 1246ms (cache miss)
907 silly packumentCache full:https://registry.npmjs.org/@babel%2ftraverse set size:undefined disposed:false
908 http fetch GET 200 https://registry.npmjs.org/@babel%2ftraverse 1304ms (cache miss)
909 silly packumentCache full:https://registry.npmjs.org/@babel%2ftraverse set size:undefined disposed:false
910 http fetch GET 200 https://registry.npmjs.org/@babel%2ftraverse 1334ms (cache miss)
911 silly packumentCache full:https://registry.npmjs.org/@babel%2ftraverse set size:undefined disposed:false
912 silly placeDep ROOT @babel/helper-skip-transparent-expression-wrappers@7.27.1 OK for: @babel/plugin-bugfix-v8-spread-parameters-in-optional-chaining@7.27.1 want: ^7.27.1
913 silly placeDep ROOT @babel/traverse@7.29.0 REPLACE for: @babel/plugin-bugfix-v8-static-class-fields-redefine-readonly@7.28.6 want: ^7.28.6
914 silly fetch manifest @babel/types@^7.29.0
915 silly packumentCache full:https://registry.npmjs.org/@babel%2ftypes cache-miss
916 silly fetch manifest @babel/parser@^7.29.0
917 silly packumentCache full:https://registry.npmjs.org/@babel%2fparser cache-miss
918 silly fetch manifest @babel/generator@^7.29.0
919 silly packumentCache full:https://registry.npmjs.org/@babel%2fgenerator cache-miss
920 silly fetch manifest @babel/code-frame@^7.29.0
921 silly packumentCache full:https://registry.npmjs.org/@babel%2fcode-frame cache-miss
922 http fetch GET 200 https://registry.npmjs.org/@babel%2fcode-frame 90ms (cache miss)
923 silly packumentCache full:https://registry.npmjs.org/@babel%2fcode-frame set size:undefined disposed:false
924 http fetch GET 200 https://registry.npmjs.org/@babel%2ftypes 134ms (cache miss)
925 silly packumentCache full:https://registry.npmjs.org/@babel%2ftypes set size:undefined disposed:false
926 http fetch GET 200 https://registry.npmjs.org/@babel%2fgenerator 649ms (cache miss)
927 silly packumentCache full:https://registry.npmjs.org/@babel%2fgenerator set size:undefined disposed:false
928 http fetch GET 200 https://registry.npmjs.org/@babel%2fparser 708ms (cache miss)
929 silly packumentCache full:https://registry.npmjs.org/@babel%2fparser set size:undefined disposed:false
930 silly fetch manifest @babel/core@^7.0.0
931 silly packumentCache full:https://registry.npmjs.org/@babel%2fcore cache-hit
932 silly placeDep ROOT @babel/helper-create-regexp-features-plugin@7.28.5 OK for: @babel/plugin-syntax-unicode-sets-regex@7.18.6 want: ^7.18.6
933 silly fetch manifest regexpu-core@^6.3.1
934 silly packumentCache full:https://registry.npmjs.org/regexpu-core cache-miss
935 http fetch GET 200 https://registry.npmjs.org/regexpu-core 82ms (cache miss)
936 silly packumentCache full:https://registry.npmjs.org/regexpu-core set size:undefined disposed:false
937 silly placeDep ROOT @babel/helper-annotate-as-pure@7.27.3 OK for: @babel/helper-create-regexp-features-plugin@7.28.5 want: ^7.27.3
938 silly placeDep ROOT regexpu-core@6.4.0 OK for: @babel/helper-create-regexp-features-plugin@7.28.5 want: ^6.3.1
939 silly fetch manifest regenerate@^1.4.2
940 silly packumentCache full:https://registry.npmjs.org/regenerate cache-miss
941 silly fetch manifest regenerate-unicode-properties@^10.2.2
942 silly packumentCache full:https://registry.npmjs.org/regenerate-unicode-properties cache-miss
943 silly fetch manifest regjsgen@^0.8.0
944 silly packumentCache full:https://registry.npmjs.org/regjsgen cache-miss
945 silly fetch manifest regjsparser@^0.13.0
946 silly packumentCache full:https://registry.npmjs.org/regjsparser cache-miss
947 silly fetch manifest unicode-match-property-ecmascript@^2.0.0
948 silly packumentCache full:https://registry.npmjs.org/unicode-match-property-ecmascript cache-miss
949 silly fetch manifest unicode-match-property-value-ecmascript@^2.2.1
950 silly packumentCache full:https://registry.npmjs.org/unicode-match-property-value-ecmascript cache-miss
951 http fetch GET 200 https://registry.npmjs.org/regenerate 71ms (cache miss)
952 silly packumentCache full:https://registry.npmjs.org/regenerate set size:undefined disposed:false
953 http fetch GET 200 https://registry.npmjs.org/regjsgen 73ms (cache miss)
954 silly packumentCache full:https://registry.npmjs.org/regjsgen set size:undefined disposed:false
955 http fetch GET 200 https://registry.npmjs.org/regenerate-unicode-properties 78ms (cache miss)
956 silly packumentCache full:https://registry.npmjs.org/regenerate-unicode-properties set size:undefined disposed:false
957 http fetch GET 200 https://registry.npmjs.org/unicode-match-property-value-ecmascript 82ms (cache miss)
958 silly packumentCache full:https://registry.npmjs.org/unicode-match-property-value-ecmascript set size:undefined disposed:false
959 http fetch GET 200 https://registry.npmjs.org/regjsparser 86ms (cache miss)
960 silly packumentCache full:https://registry.npmjs.org/regjsparser set size:undefined disposed:false
961 http fetch GET 200 https://registry.npmjs.org/unicode-match-property-ecmascript 87ms (cache miss)
962 silly packumentCache full:https://registry.npmjs.org/unicode-match-property-ecmascript set size:undefined disposed:false
963 silly placeDep ROOT @babel/helper-remap-async-to-generator@7.27.1 OK for: @babel/plugin-transform-async-generator-functions@7.29.0 want: ^7.27.1
964 silly fetch manifest @babel/helper-wrap-function@^7.27.1
965 silly packumentCache full:https://registry.npmjs.org/@babel%2fhelper-wrap-function cache-miss
966 http fetch GET 200 https://registry.npmjs.org/@babel%2fhelper-wrap-function 256ms (cache miss)
967 silly packumentCache full:https://registry.npmjs.org/@babel%2fhelper-wrap-function set size:undefined disposed:false
968 silly placeDep ROOT @babel/helper-wrap-function@7.28.6 OK for: @babel/helper-remap-async-to-generator@7.27.1 want: ^7.27.1
969 silly fetch manifest @babel/types@^7.28.6
970 silly packumentCache full:https://registry.npmjs.org/@babel%2ftypes cache-miss
971 http cache https://registry.npmjs.org/@babel%2ftypes 6ms (cache hit)
972 silly packumentCache full:https://registry.npmjs.org/@babel%2ftypes set size:485839 disposed:false
973 silly placeDep ROOT @babel/template@7.28.6 REPLACE for: @babel/helper-wrap-function@7.28.6 want: ^7.28.6
974 silly placeDep ROOT @babel/types@7.29.0 REPLACE for: @babel/helper-wrap-function@7.28.6 want: ^7.28.6
975 silly fetch manifest @babel/parser@^7.28.6
976 silly packumentCache full:https://registry.npmjs.org/@babel%2fparser cache-miss
977 silly fetch manifest @babel/code-frame@^7.28.6
978 silly packumentCache full:https://registry.npmjs.org/@babel%2fcode-frame cache-miss
979 http cache https://registry.npmjs.org/@babel%2fparser 7ms (cache hit)
980 silly packumentCache full:https://registry.npmjs.org/@babel%2fparser set size:714217 disposed:false
981 http cache https://registry.npmjs.org/@babel%2fcode-frame 16ms (cache hit)
982 silly packumentCache full:https://registry.npmjs.org/@babel%2fcode-frame set size:194176 disposed:false
983 silly placeDep ROOT @babel/helper-module-imports@7.28.6 REPLACE for: @babel/plugin-transform-async-to-generator@7.28.6 want: ^7.28.6
984 silly placeDep ROOT @babel/helper-create-class-features-plugin@7.28.6 OK for: @babel/plugin-transform-class-properties@7.28.6 want: ^7.28.6
985 silly fetch manifest @babel/helper-optimise-call-expression@^7.27.1
986 silly packumentCache full:https://registry.npmjs.org/@babel%2fhelper-optimise-call-expression cache-miss
987 silly fetch manifest @babel/helper-member-expression-to-functions@^7.28.5
988 silly packumentCache full:https://registry.npmjs.org/@babel%2fhelper-member-expression-to-functions cache-miss
989 http fetch GET 200 https://registry.npmjs.org/@babel%2fhelper-optimise-call-expression 88ms (cache miss)
990 silly packumentCache full:https://registry.npmjs.org/@babel%2fhelper-optimise-call-expression set size:undefined disposed:false
991 http fetch GET 200 https://registry.npmjs.org/@babel%2fhelper-member-expression-to-functions 268ms (cache miss)
992 silly packumentCache full:https://registry.npmjs.org/@babel%2fhelper-member-expression-to-functions set size:undefined disposed:false
993 silly placeDep ROOT @babel/helper-member-expression-to-functions@7.28.5 OK for: @babel/helper-create-class-features-plugin@7.28.6 want: ^7.28.5
994 silly placeDep ROOT @babel/helper-optimise-call-expression@7.27.1 OK for: @babel/helper-create-class-features-plugin@7.28.6 want: ^7.27.1
995 silly placeDep ROOT @babel/helper-replace-supers@7.28.6 OK for: @babel/helper-create-class-features-plugin@7.28.6 want: ^7.28.6
996 silly placeDep ROOT @babel/helper-module-transforms@7.28.6 REPLACE for: @babel/plugin-transform-modules-commonjs@7.28.6 want: ^7.28.6
997 silly placeDep ROOT @babel/code-frame@7.29.0 REPLACE for: @babel/template@7.28.6 want: ^7.28.6
998 silly placeDep ROOT @babel/parser@7.29.0 REPLACE for: @babel/template@7.28.6 want: ^7.28.6
999 silly placeDep ROOT @babel/generator@7.29.1 REPLACE for: @babel/traverse@7.29.0 want: ^7.29.0
1000 silly fetch manifest rollup@^2.78.0||^3.0.0||^4.0.0
1001 silly packumentCache full:https://registry.npmjs.org/rollup cache-miss
1002 http cache https://registry.npmjs.org/rollup 22ms (cache hit)
1003 silly packumentCache full:https://registry.npmjs.org/rollup set size:6122682 disposed:false
1004 silly placeDep ROOT @rollup/pluginutils@5.3.0 OK for: @rollup/plugin-node-resolve@15.3.1 want: ^5.0.1
1005 silly placeDep ROOT @types/resolve@1.20.2 OK for: @rollup/plugin-node-resolve@15.3.1 want: 1.20.2
1006 silly placeDep ROOT deepmerge@4.3.1 OK for: @rollup/plugin-node-resolve@15.3.1 want: ^4.2.2
1007 silly placeDep ROOT is-module@1.0.0 OK for: @rollup/plugin-node-resolve@15.3.1 want: ^1.0.0
1008 silly fetch manifest estree-walker@^2.0.2
1009 silly packumentCache full:https://registry.npmjs.org/estree-walker cache-miss
1010 http fetch GET 200 https://registry.npmjs.org/estree-walker 70ms (cache miss)
1011 silly packumentCache full:https://registry.npmjs.org/estree-walker set size:undefined disposed:false
1012 silly placeDep ROOT serialize-javascript@6.0.2 OK for: @rollup/plugin-terser@0.4.4 want: ^6.0.1
1013 silly placeDep ROOT smob@1.6.1 OK for: @rollup/plugin-terser@0.4.4 want: ^1.0.0
1014 silly placeDep ROOT terser@5.46.0 OK for: @rollup/plugin-terser@0.4.4 want: ^5.17.4
1015 silly fetch manifest randombytes@^2.1.0
1016 silly packumentCache full:https://registry.npmjs.org/randombytes cache-miss
1017 silly fetch manifest @jridgewell/source-map@^0.3.3
1018 silly packumentCache full:https://registry.npmjs.org/@jridgewell%2fsource-map cache-miss
1019 silly fetch manifest commander@^2.20.0
1020 silly packumentCache full:https://registry.npmjs.org/commander cache-miss
1021 silly fetch manifest source-map-support@~0.5.20
1022 silly packumentCache full:https://registry.npmjs.org/source-map-support cache-miss
1023 http fetch GET 200 https://registry.npmjs.org/@jridgewell%2fsource-map 78ms (cache miss)
1024 silly packumentCache full:https://registry.npmjs.org/@jridgewell%2fsource-map set size:undefined disposed:false
1025 http fetch GET 200 https://registry.npmjs.org/randombytes 81ms (cache miss)
1026 silly packumentCache full:https://registry.npmjs.org/randombytes set size:undefined disposed:false
1027 http fetch GET 200 https://registry.npmjs.org/source-map-support 253ms (cache miss)
1028 silly packumentCache full:https://registry.npmjs.org/source-map-support set size:undefined disposed:false
1029 http fetch GET 200 https://registry.npmjs.org/commander 667ms (cache miss)
1030 silly packumentCache full:https://registry.npmjs.org/commander set size:undefined disposed:false
1031 silly placeDep ROOT estree-walker@2.0.2 OK for: @rollup/pluginutils@5.3.0 want: ^2.0.2
1032 silly placeDep ROOT ejs@3.1.10 OK for: @surma/rollup-plugin-off-main-thread@2.2.3 want: ^3.1.6
1033 silly placeDep ROOT magic-string@0.25.9 OK for: @surma/rollup-plugin-off-main-thread@2.2.3 want: ^0.25.0
1034 silly placeDep ROOT string.prototype.matchall@4.0.12 OK for: @surma/rollup-plugin-off-main-thread@2.2.3 want: ^4.0.6
1035 silly fetch manifest jake@^10.8.5
1036 silly packumentCache full:https://registry.npmjs.org/jake cache-miss
1037 silly fetch manifest sourcemap-codec@^1.4.8
1038 silly packumentCache full:https://registry.npmjs.org/sourcemap-codec cache-miss
1039 silly fetch manifest call-bind@^1.0.8
1040 silly packumentCache full:https://registry.npmjs.org/call-bind cache-miss
1041 silly fetch manifest call-bound@^1.0.3
1042 silly packumentCache full:https://registry.npmjs.org/call-bound cache-miss
1043 silly fetch manifest define-properties@^1.2.1
1044 silly packumentCache full:https://registry.npmjs.org/define-properties cache-miss
1045 silly fetch manifest es-abstract@^1.23.6
1046 silly packumentCache full:https://registry.npmjs.org/es-abstract cache-miss
1047 silly fetch manifest internal-slot@^1.1.0
1048 silly packumentCache full:https://registry.npmjs.org/internal-slot cache-miss
1049 silly fetch manifest regexp.prototype.flags@^1.5.3
1050 silly packumentCache full:https://registry.npmjs.org/regexp.prototype.flags cache-miss
1051 silly fetch manifest set-function-name@^2.0.2
1052 silly packumentCache full:https://registry.npmjs.org/set-function-name cache-miss
1053 silly fetch manifest side-channel@^1.1.0
1054 silly packumentCache full:https://registry.npmjs.org/side-channel cache-miss
1055 http fetch GET 200 https://registry.npmjs.org/call-bound 75ms (cache miss)
1056 silly packumentCache full:https://registry.npmjs.org/call-bound set size:undefined disposed:false
1057 http fetch GET 200 https://registry.npmjs.org/define-properties 76ms (cache miss)
1058 silly packumentCache full:https://registry.npmjs.org/define-properties set size:undefined disposed:false
1059 http fetch GET 200 https://registry.npmjs.org/call-bind 78ms (cache miss)
1060 silly packumentCache full:https://registry.npmjs.org/call-bind set size:undefined disposed:false
1061 http fetch GET 200 https://registry.npmjs.org/regexp.prototype.flags 83ms (cache miss)
1062 silly packumentCache full:https://registry.npmjs.org/regexp.prototype.flags set size:undefined disposed:false
1063 http fetch GET 200 https://registry.npmjs.org/side-channel 86ms (cache miss)
1064 silly packumentCache full:https://registry.npmjs.org/side-channel set size:undefined disposed:false
1065 http fetch GET 200 https://registry.npmjs.org/internal-slot 92ms (cache miss)
1066 silly packumentCache full:https://registry.npmjs.org/internal-slot set size:undefined disposed:false
1067 http fetch GET 200 https://registry.npmjs.org/set-function-name 103ms (cache miss)
1068 silly packumentCache full:https://registry.npmjs.org/set-function-name set size:undefined disposed:false
1069 http fetch GET 200 https://registry.npmjs.org/jake 111ms (cache miss)
1070 silly packumentCache full:https://registry.npmjs.org/jake set size:undefined disposed:false
1071 http fetch GET 200 https://registry.npmjs.org/es-abstract 120ms (cache miss)
1072 silly packumentCache full:https://registry.npmjs.org/es-abstract set size:undefined disposed:false
1073 http fetch GET 200 https://registry.npmjs.org/sourcemap-codec 607ms (cache miss)
1074 silly packumentCache full:https://registry.npmjs.org/sourcemap-codec set size:undefined disposed:false
1075 silly fetch manifest @babel/core@^7.4.0 || ^8.0.0-0 <8.0.0
1076 silly packumentCache full:https://registry.npmjs.org/@babel%2fcore cache-hit
1077 silly placeDep ROOT @babel/helper-define-polyfill-provider@0.6.7 OK for: babel-plugin-polyfill-corejs2@0.4.16 want: ^0.6.7
1078 silly fetch manifest lodash.debounce@^4.0.8
1079 silly packumentCache full:https://registry.npmjs.org/lodash.debounce cache-miss
1080 http fetch GET 200 https://registry.npmjs.org/lodash.debounce 69ms (cache miss)
1081 silly packumentCache full:https://registry.npmjs.org/lodash.debounce set size:undefined disposed:false
1082 silly placeDep ROOT lodash.debounce@4.0.8 OK for: @babel/helper-define-polyfill-provider@0.6.7 want: ^4.0.8
1083 silly placeDep ROOT jake@10.9.4 OK for: ejs@3.1.10 want: ^10.8.5
1084 silly fetch manifest async@^3.2.6
1085 silly packumentCache full:https://registry.npmjs.org/async cache-miss
1086 silly fetch manifest filelist@^1.0.4
1087 silly packumentCache full:https://registry.npmjs.org/filelist cache-miss
1088 http fetch GET 200 https://registry.npmjs.org/filelist 79ms (cache miss)
1089 silly packumentCache full:https://registry.npmjs.org/filelist set size:undefined disposed:false
1090 http fetch GET 200 https://registry.npmjs.org/async 84ms (cache miss)
1091 silly packumentCache full:https://registry.npmjs.org/async set size:undefined disposed:false
1092 silly placeDep ROOT at-least-node@1.0.0 OK for: fs-extra@9.1.0 want: ^1.0.0
1093 silly placeDep ROOT graceful-fs@4.2.11 OK for: fs-extra@9.1.0 want: ^4.2.0
1094 silly placeDep ROOT jsonfile@6.2.0 OK for: fs-extra@9.1.0 want: ^6.0.1
1095 silly placeDep ROOT universalify@2.0.1 OK for: fs-extra@9.1.0 want: ^2.0.0
1096 silly placeDep ROOT foreground-child@3.3.1 OK for: glob@11.1.0 want: ^3.3.1
1097 silly placeDep ROOT jackspeak@4.2.3 OK for: glob@11.1.0 want: ^4.1.1
1098 silly placeDep node_modules/glob minimatch@10.2.4 OK for: glob@11.1.0 want: ^10.1.1
1099 silly placeDep ROOT minipass@7.1.3 OK for: glob@11.1.0 want: ^7.1.2
1100 silly placeDep ROOT package-json-from-dist@1.0.1 OK for: glob@11.1.0 want: ^1.0.0
1101 silly placeDep ROOT path-scurry@2.0.2 OK for: glob@11.1.0 want: ^2.0.0
1102 silly fetch manifest signal-exit@^4.0.1
1103 silly packumentCache full:https://registry.npmjs.org/signal-exit cache-miss
1104 silly fetch manifest @isaacs/cliui@^9.0.0
1105 silly packumentCache full:https://registry.npmjs.org/@isaacs%2fcliui cache-miss
1106 silly fetch manifest brace-expansion@^5.0.2
1107 silly packumentCache full:https://registry.npmjs.org/brace-expansion cache-miss
1108 silly fetch manifest lru-cache@^11.0.0
1109 silly packumentCache full:https://registry.npmjs.org/lru-cache cache-miss
1110 http fetch GET 200 https://registry.npmjs.org/brace-expansion 66ms (cache miss)
1111 silly packumentCache full:https://registry.npmjs.org/brace-expansion set size:undefined disposed:false
1112 http fetch GET 200 https://registry.npmjs.org/signal-exit 81ms (cache miss)
1113 silly packumentCache full:https://registry.npmjs.org/signal-exit set size:undefined disposed:false
1114 http fetch GET 200 https://registry.npmjs.org/lru-cache 95ms (cache miss)
1115 silly packumentCache full:https://registry.npmjs.org/lru-cache set size:undefined disposed:false
1116 http fetch GET 200 https://registry.npmjs.org/@isaacs%2fcliui 99ms (cache miss)
1117 silly packumentCache full:https://registry.npmjs.org/@isaacs%2fcliui set size:undefined disposed:false
1118 silly placeDep ROOT signal-exit@4.1.0 OK for: foreground-child@3.3.1 want: ^4.0.1
1119 silly placeDep ROOT @isaacs/cliui@9.0.0 OK for: jackspeak@4.2.3 want: ^9.0.0
1120 silly placeDep ROOT async@3.2.6 OK for: jake@10.9.4 want: ^3.2.6
1121 silly placeDep ROOT filelist@1.0.6 OK for: jake@10.9.4 want: ^1.0.4
1122 silly fetch manifest minimatch@^5.0.1
1123 silly packumentCache full:https://registry.npmjs.org/minimatch cache-miss
1124 http cache https://registry.npmjs.org/minimatch 5ms (cache hit)
1125 silly packumentCache full:https://registry.npmjs.org/minimatch set size:352359 disposed:false
1126 silly placeDep node_modules/filelist minimatch@5.1.9 OK for: filelist@1.0.6 want: ^5.0.1
1127 silly fetch manifest brace-expansion@^2.0.1
1128 silly packumentCache full:https://registry.npmjs.org/brace-expansion cache-miss
1129 http cache https://registry.npmjs.org/brace-expansion 24ms (cache hit)
1130 silly packumentCache full:https://registry.npmjs.org/brace-expansion set size:55744 disposed:false
1131 silly placeDep ROOT sourcemap-codec@1.4.8 OK for: magic-string@0.25.9 want: ^1.4.8
1132 silly placeDep node_modules/path-scurry lru-cache@11.2.6 OK for: path-scurry@2.0.2 want: ^11.0.0
1133 silly placeDep ROOT regenerate@1.4.2 OK for: regexpu-core@6.4.0 want: ^1.4.2
1134 silly placeDep ROOT regenerate-unicode-properties@10.2.2 OK for: regexpu-core@6.4.0 want: ^10.2.2
1135 silly placeDep ROOT regjsgen@0.8.0 OK for: regexpu-core@6.4.0 want: ^0.8.0
1136 silly placeDep ROOT regjsparser@0.13.0 OK for: regexpu-core@6.4.0 want: ^0.13.0
1137 silly placeDep ROOT unicode-match-property-ecmascript@2.0.0 OK for: regexpu-core@6.4.0 want: ^2.0.0
1138 silly placeDep ROOT unicode-match-property-value-ecmascript@2.2.1 OK for: regexpu-core@6.4.0 want: ^2.2.1
1139 silly fetch manifest unicode-canonical-property-names-ecmascript@^2.0.0
1140 silly packumentCache full:https://registry.npmjs.org/unicode-canonical-property-names-ecmascript cache-miss
1141 silly fetch manifest unicode-property-aliases-ecmascript@^2.0.0
1142 silly packumentCache full:https://registry.npmjs.org/unicode-property-aliases-ecmascript cache-miss
1143 http fetch GET 200 https://registry.npmjs.org/unicode-canonical-property-names-ecmascript 66ms (cache miss)
1144 silly packumentCache full:https://registry.npmjs.org/unicode-canonical-property-names-ecmascript set size:undefined disposed:false
1145 http fetch GET 200 https://registry.npmjs.org/unicode-property-aliases-ecmascript 72ms (cache miss)
1146 silly packumentCache full:https://registry.npmjs.org/unicode-property-aliases-ecmascript set size:undefined disposed:false
1147 silly placeDep ROOT randombytes@2.1.0 OK for: serialize-javascript@6.0.2 want: ^2.1.0
1148 silly fetch manifest safe-buffer@^5.1.0
1149 silly packumentCache full:https://registry.npmjs.org/safe-buffer cache-miss
1150 http fetch GET 200 https://registry.npmjs.org/safe-buffer 77ms (cache miss)
1151 silly packumentCache full:https://registry.npmjs.org/safe-buffer set size:undefined disposed:false
1152 silly placeDep ROOT safe-buffer@5.2.1 OK for: randombytes@2.1.0 want: ^5.1.0
1153 silly placeDep ROOT call-bind@1.0.8 OK for: string.prototype.matchall@4.0.12 want: ^1.0.8
1154 silly placeDep ROOT call-bound@1.0.4 OK for: string.prototype.matchall@4.0.12 want: ^1.0.3
1155 silly placeDep ROOT define-properties@1.2.1 OK for: string.prototype.matchall@4.0.12 want: ^1.2.1
1156 silly placeDep ROOT es-abstract@1.24.1 OK for: string.prototype.matchall@4.0.12 want: ^1.23.6
1157 silly placeDep ROOT internal-slot@1.1.0 OK for: string.prototype.matchall@4.0.12 want: ^1.1.0
1158 silly placeDep ROOT regexp.prototype.flags@1.5.4 OK for: string.prototype.matchall@4.0.12 want: ^1.5.3
1159 silly placeDep ROOT set-function-name@2.0.2 OK for: string.prototype.matchall@4.0.12 want: ^2.0.2
1160 silly placeDep ROOT side-channel@1.1.0 OK for: string.prototype.matchall@4.0.12 want: ^1.1.0
1161 silly fetch manifest set-function-length@^1.2.2
1162 silly packumentCache full:https://registry.npmjs.org/set-function-length cache-miss
1163 silly fetch manifest define-data-property@^1.0.1
1164 silly packumentCache full:https://registry.npmjs.org/define-data-property cache-miss
1165 silly fetch manifest has-property-descriptors@^1.0.0
1166 silly packumentCache full:https://registry.npmjs.org/has-property-descriptors cache-miss
1167 silly fetch manifest object-keys@^1.1.1
1168 silly packumentCache full:https://registry.npmjs.org/object-keys cache-miss
1169 silly fetch manifest array-buffer-byte-length@^1.0.2
1170 silly packumentCache full:https://registry.npmjs.org/array-buffer-byte-length cache-miss
1171 silly fetch manifest arraybuffer.prototype.slice@^1.0.4
1172 silly packumentCache full:https://registry.npmjs.org/arraybuffer.prototype.slice cache-miss
1173 silly fetch manifest available-typed-arrays@^1.0.7
1174 silly packumentCache full:https://registry.npmjs.org/available-typed-arrays cache-miss
1175 silly fetch manifest data-view-buffer@^1.0.2
1176 silly packumentCache full:https://registry.npmjs.org/data-view-buffer cache-miss
1177 silly fetch manifest data-view-byte-length@^1.0.2
1178 silly packumentCache full:https://registry.npmjs.org/data-view-byte-length cache-miss
1179 silly fetch manifest data-view-byte-offset@^1.0.1
1180 silly packumentCache full:https://registry.npmjs.org/data-view-byte-offset cache-miss
1181 silly fetch manifest es-to-primitive@^1.3.0
1182 silly packumentCache full:https://registry.npmjs.org/es-to-primitive cache-miss
1183 silly fetch manifest function.prototype.name@^1.1.8
1184 silly packumentCache full:https://registry.npmjs.org/function.prototype.name cache-miss
1185 silly fetch manifest get-symbol-description@^1.1.0
1186 silly packumentCache full:https://registry.npmjs.org/get-symbol-description cache-miss
1187 silly fetch manifest globalthis@^1.0.4
1188 silly packumentCache full:https://registry.npmjs.org/globalthis cache-miss
1189 silly fetch manifest has-property-descriptors@^1.0.2
1190 silly packumentCache full:https://registry.npmjs.org/has-property-descriptors cache-miss
1191 silly fetch manifest has-proto@^1.2.0
1192 silly packumentCache full:https://registry.npmjs.org/has-proto cache-miss
1193 silly fetch manifest is-array-buffer@^3.0.5
1194 silly packumentCache full:https://registry.npmjs.org/is-array-buffer cache-miss
1195 silly fetch manifest is-callable@^1.2.7
1196 silly packumentCache full:https://registry.npmjs.org/is-callable cache-miss
1197 silly fetch manifest is-data-view@^1.0.2
1198 silly packumentCache full:https://registry.npmjs.org/is-data-view cache-miss
1199 silly fetch manifest is-negative-zero@^2.0.3
1200 silly packumentCache full:https://registry.npmjs.org/is-negative-zero cache-miss
1201 silly fetch manifest is-regex@^1.2.1
1202 silly packumentCache full:https://registry.npmjs.org/is-regex cache-miss
1203 silly fetch manifest is-set@^2.0.3
1204 silly packumentCache full:https://registry.npmjs.org/is-set cache-miss
1205 silly fetch manifest is-shared-array-buffer@^1.0.4
1206 silly packumentCache full:https://registry.npmjs.org/is-shared-array-buffer cache-miss
1207 http fetch GET 200 https://registry.npmjs.org/has-property-descriptors 71ms (cache miss)
1208 silly packumentCache full:https://registry.npmjs.org/has-property-descriptors set size:undefined disposed:false
1209 silly fetch manifest is-string@^1.1.1
1210 silly packumentCache full:https://registry.npmjs.org/is-string cache-miss
1211 http fetch GET 200 https://registry.npmjs.org/arraybuffer.prototype.slice 75ms (cache miss)
1212 silly packumentCache full:https://registry.npmjs.org/arraybuffer.prototype.slice set size:undefined disposed:false
1213 silly fetch manifest is-typed-array@^1.1.15
1214 silly packumentCache full:https://registry.npmjs.org/is-typed-array cache-miss
1215 http fetch GET 200 https://registry.npmjs.org/define-data-property 80ms (cache miss)
1216 silly packumentCache full:https://registry.npmjs.org/define-data-property set size:undefined disposed:false
1217 silly fetch manifest is-weakref@^1.1.1
1218 silly packumentCache full:https://registry.npmjs.org/is-weakref cache-miss
1219 http fetch GET 200 https://registry.npmjs.org/set-function-length 85ms (cache miss)
1220 silly packumentCache full:https://registry.npmjs.org/set-function-length set size:undefined disposed:false
1221 silly fetch manifest object-inspect@^1.13.4
1222 silly packumentCache full:https://registry.npmjs.org/object-inspect cache-miss
1223 http fetch GET 200 https://registry.npmjs.org/array-buffer-byte-length 89ms (cache miss)
1224 silly packumentCache full:https://registry.npmjs.org/array-buffer-byte-length set size:undefined disposed:false
1225 silly fetch manifest object-keys@^1.1.1
1226 silly packumentCache full:https://registry.npmjs.org/object-keys cache-miss
1227 http fetch GET 200 https://registry.npmjs.org/get-symbol-description 90ms (cache miss)
1228 silly packumentCache full:https://registry.npmjs.org/get-symbol-description set size:undefined disposed:false
1229 silly fetch manifest object.assign@^4.1.7
1230 silly packumentCache full:https://registry.npmjs.org/object.assign cache-miss
1231 http fetch GET 200 https://registry.npmjs.org/has-property-descriptors 92ms (cache miss)
1232 silly packumentCache full:https://registry.npmjs.org/has-property-descriptors set size:undefined disposed:false
1233 silly fetch manifest own-keys@^1.0.1
1234 silly packumentCache full:https://registry.npmjs.org/own-keys cache-miss
1235 http fetch GET 200 https://registry.npmjs.org/object-keys 94ms (cache miss)
1236 silly packumentCache full:https://registry.npmjs.org/object-keys set size:undefined disposed:false
1237 silly fetch manifest regexp.prototype.flags@^1.5.4
1238 silly packumentCache full:https://registry.npmjs.org/regexp.prototype.flags cache-miss
1239 http fetch GET 200 https://registry.npmjs.org/data-view-byte-length 95ms (cache miss)
1240 silly packumentCache full:https://registry.npmjs.org/data-view-byte-length set size:undefined disposed:false
1241 silly fetch manifest safe-array-concat@^1.1.3
1242 silly packumentCache full:https://registry.npmjs.org/safe-array-concat cache-miss
1243 http fetch GET 200 https://registry.npmjs.org/available-typed-arrays 97ms (cache miss)
1244 silly packumentCache full:https://registry.npmjs.org/available-typed-arrays set size:undefined disposed:false
1245 silly fetch manifest safe-push-apply@^1.0.0
1246 silly packumentCache full:https://registry.npmjs.org/safe-push-apply cache-miss
1247 http fetch GET 200 https://registry.npmjs.org/function.prototype.name 99ms (cache miss)
1248 silly packumentCache full:https://registry.npmjs.org/function.prototype.name set size:undefined disposed:false
1249 silly fetch manifest safe-regex-test@^1.1.0
1250 silly packumentCache full:https://registry.npmjs.org/safe-regex-test cache-miss
1251 http fetch GET 200 https://registry.npmjs.org/globalthis 99ms (cache miss)
1252 silly packumentCache full:https://registry.npmjs.org/globalthis set size:undefined disposed:false
1253 silly fetch manifest set-proto@^1.0.0
1254 silly packumentCache full:https://registry.npmjs.org/set-proto cache-miss
1255 http fetch GET 200 https://registry.npmjs.org/es-to-primitive 102ms (cache miss)
1256 silly packumentCache full:https://registry.npmjs.org/es-to-primitive set size:undefined disposed:false
1257 silly fetch manifest stop-iteration-iterator@^1.1.0
1258 silly packumentCache full:https://registry.npmjs.org/stop-iteration-iterator cache-miss
1259 http fetch GET 200 https://registry.npmjs.org/data-view-byte-offset 103ms (cache miss)
1260 silly packumentCache full:https://registry.npmjs.org/data-view-byte-offset set size:undefined disposed:false
1261 silly fetch manifest string.prototype.trim@^1.2.10
1262 silly packumentCache full:https://registry.npmjs.org/string.prototype.trim cache-miss
1263 http cache https://registry.npmjs.org/regexp.prototype.flags 10ms (cache hit)
1264 silly packumentCache full:https://registry.npmjs.org/regexp.prototype.flags set size:60621 disposed:false
1265 silly fetch manifest string.prototype.trimend@^1.0.9
1266 silly packumentCache full:https://registry.npmjs.org/string.prototype.trimend cache-miss
1267 http fetch GET 200 https://registry.npmjs.org/has-proto 128ms (cache miss)
1268 silly packumentCache full:https://registry.npmjs.org/has-proto set size:undefined disposed:false
1269 silly fetch manifest string.prototype.trimstart@^1.0.8
1270 silly packumentCache full:https://registry.npmjs.org/string.prototype.trimstart cache-miss
1271 http fetch GET 200 https://registry.npmjs.org/is-negative-zero 138ms (cache miss)
1272 silly packumentCache full:https://registry.npmjs.org/is-negative-zero set size:undefined disposed:false
1273 silly fetch manifest typed-array-buffer@^1.0.3
1274 silly packumentCache full:https://registry.npmjs.org/typed-array-buffer cache-miss
1275 http fetch GET 200 https://registry.npmjs.org/is-array-buffer 140ms (cache miss)
1276 silly packumentCache full:https://registry.npmjs.org/is-array-buffer set size:undefined disposed:false
1277 silly fetch manifest typed-array-byte-length@^1.0.3
1278 silly packumentCache full:https://registry.npmjs.org/typed-array-byte-length cache-miss
1279 http fetch GET 200 https://registry.npmjs.org/is-callable 152ms (cache miss)
1280 silly packumentCache full:https://registry.npmjs.org/is-callable set size:undefined disposed:false
1281 silly fetch manifest typed-array-byte-offset@^1.0.4
1282 silly packumentCache full:https://registry.npmjs.org/typed-array-byte-offset cache-miss
1283 http fetch GET 200 https://registry.npmjs.org/is-data-view 164ms (cache miss)
1284 silly packumentCache full:https://registry.npmjs.org/is-data-view set size:undefined disposed:false
1285 silly fetch manifest typed-array-length@^1.0.7
1286 silly packumentCache full:https://registry.npmjs.org/typed-array-length cache-miss
1287 http fetch GET 200 https://registry.npmjs.org/is-regex 166ms (cache miss)
1288 silly packumentCache full:https://registry.npmjs.org/is-regex set size:undefined disposed:false
1289 silly fetch manifest unbox-primitive@^1.1.0
1290 silly packumentCache full:https://registry.npmjs.org/unbox-primitive cache-miss
1291 http fetch GET 200 https://registry.npmjs.org/is-set 169ms (cache miss)
1292 silly packumentCache full:https://registry.npmjs.org/is-set set size:undefined disposed:false
1293 silly fetch manifest which-typed-array@^1.1.19
1294 silly packumentCache full:https://registry.npmjs.org/which-typed-array cache-miss
1295 http fetch GET 200 https://registry.npmjs.org/is-shared-array-buffer 169ms (cache miss)
1296 silly packumentCache full:https://registry.npmjs.org/is-shared-array-buffer set size:undefined disposed:false
1297 silly fetch manifest define-data-property@^1.1.4
1298 silly packumentCache full:https://registry.npmjs.org/define-data-property cache-miss
1299 http fetch GET 200 https://registry.npmjs.org/is-typed-array 99ms (cache miss)
1300 silly packumentCache full:https://registry.npmjs.org/is-typed-array set size:undefined disposed:false
1301 silly fetch manifest functions-have-names@^1.2.3
1302 silly packumentCache full:https://registry.npmjs.org/functions-have-names cache-miss
1303 http fetch GET 200 https://registry.npmjs.org/is-string 106ms (cache miss)
1304 silly packumentCache full:https://registry.npmjs.org/is-string set size:undefined disposed:false
1305 silly fetch manifest object-inspect@^1.13.3
1306 silly packumentCache full:https://registry.npmjs.org/object-inspect cache-miss
1307 http fetch GET 200 https://registry.npmjs.org/is-weakref 100ms (cache miss)
1308 silly packumentCache full:https://registry.npmjs.org/is-weakref set size:undefined disposed:false
1309 silly fetch manifest side-channel-list@^1.0.0
1310 silly packumentCache full:https://registry.npmjs.org/side-channel-list cache-miss
1311 http fetch GET 200 https://registry.npmjs.org/object.assign 90ms (cache miss)
1312 silly packumentCache full:https://registry.npmjs.org/object.assign set size:undefined disposed:false
1313 silly fetch manifest side-channel-map@^1.0.1
1314 silly packumentCache full:https://registry.npmjs.org/side-channel-map cache-miss
1315 http fetch GET 200 https://registry.npmjs.org/object-inspect 97ms (cache miss)
1316 silly packumentCache full:https://registry.npmjs.org/object-inspect set size:undefined disposed:false
1317 silly fetch manifest side-channel-weakmap@^1.0.2
1318 silly packumentCache full:https://registry.npmjs.org/side-channel-weakmap cache-miss
1319 http fetch GET 200 https://registry.npmjs.org/object-keys 95ms (cache miss)
1320 silly packumentCache full:https://registry.npmjs.org/object-keys set size:undefined disposed:false
1321 http cache https://registry.npmjs.org/define-data-property 15ms (cache hit)
1322 silly packumentCache full:https://registry.npmjs.org/define-data-property set size:28048 disposed:false
1323 http fetch GET 200 https://registry.npmjs.org/own-keys 97ms (cache miss)
1324 silly packumentCache full:https://registry.npmjs.org/own-keys set size:undefined disposed:false
1325 http fetch GET 200 https://registry.npmjs.org/safe-array-concat 99ms (cache miss)
1326 silly packumentCache full:https://registry.npmjs.org/safe-array-concat set size:undefined disposed:false
1327 http fetch GET 200 https://registry.npmjs.org/safe-push-apply 101ms (cache miss)
1328 silly packumentCache full:https://registry.npmjs.org/safe-push-apply set size:undefined disposed:false
1329 http fetch GET 200 https://registry.npmjs.org/stop-iteration-iterator 106ms (cache miss)
1330 silly packumentCache full:https://registry.npmjs.org/stop-iteration-iterator set size:undefined disposed:false
1331 http fetch GET 200 https://registry.npmjs.org/set-proto 114ms (cache miss)
1332 silly packumentCache full:https://registry.npmjs.org/set-proto set size:undefined disposed:false
1333 http fetch GET 200 https://registry.npmjs.org/safe-regex-test 117ms (cache miss)
1334 silly packumentCache full:https://registry.npmjs.org/safe-regex-test set size:undefined disposed:false
1335 http fetch GET 200 https://registry.npmjs.org/string.prototype.trim 113ms (cache miss)
1336 silly packumentCache full:https://registry.npmjs.org/string.prototype.trim set size:undefined disposed:false
1337 http fetch GET 200 https://registry.npmjs.org/string.prototype.trimend 116ms (cache miss)
1338 silly packumentCache full:https://registry.npmjs.org/string.prototype.trimend set size:undefined disposed:false
1339 http fetch GET 200 https://registry.npmjs.org/string.prototype.trimstart 92ms (cache miss)
1340 silly packumentCache full:https://registry.npmjs.org/string.prototype.trimstart set size:undefined disposed:false
1341 http fetch GET 200 https://registry.npmjs.org/typed-array-buffer 85ms (cache miss)
1342 silly packumentCache full:https://registry.npmjs.org/typed-array-buffer set size:undefined disposed:false
1343 http fetch GET 200 https://registry.npmjs.org/typed-array-byte-length 85ms (cache miss)
1344 silly packumentCache full:https://registry.npmjs.org/typed-array-byte-length set size:undefined disposed:false
1345 http fetch GET 200 https://registry.npmjs.org/typed-array-length 71ms (cache miss)
1346 silly packumentCache full:https://registry.npmjs.org/typed-array-length set size:undefined disposed:false
1347 http fetch GET 200 https://registry.npmjs.org/typed-array-byte-offset 84ms (cache miss)
1348 silly packumentCache full:https://registry.npmjs.org/typed-array-byte-offset set size:undefined disposed:false
1349 http fetch GET 200 https://registry.npmjs.org/unbox-primitive 71ms (cache miss)
1350 silly packumentCache full:https://registry.npmjs.org/unbox-primitive set size:undefined disposed:false
1351 http fetch GET 200 https://registry.npmjs.org/data-view-buffer 252ms (cache miss)
1352 silly packumentCache full:https://registry.npmjs.org/data-view-buffer set size:undefined disposed:false
1353 http fetch GET 200 https://registry.npmjs.org/which-typed-array 84ms (cache miss)
1354 silly packumentCache full:https://registry.npmjs.org/which-typed-array set size:undefined disposed:false
1355 http fetch GET 200 https://registry.npmjs.org/functions-have-names 81ms (cache miss)
1356 silly packumentCache full:https://registry.npmjs.org/functions-have-names set size:undefined disposed:false
1357 http fetch GET 200 https://registry.npmjs.org/object-inspect 90ms (cache miss)
1358 silly packumentCache full:https://registry.npmjs.org/object-inspect set size:undefined disposed:false
1359 http fetch GET 200 https://registry.npmjs.org/side-channel-list 90ms (cache miss)
1360 silly packumentCache full:https://registry.npmjs.org/side-channel-list set size:undefined disposed:false
1361 http fetch GET 200 https://registry.npmjs.org/side-channel-weakmap 91ms (cache miss)
1362 silly packumentCache full:https://registry.npmjs.org/side-channel-weakmap set size:undefined disposed:false
1363 http fetch GET 200 https://registry.npmjs.org/side-channel-map 99ms (cache miss)
1364 silly packumentCache full:https://registry.npmjs.org/side-channel-map set size:undefined disposed:false
1365 silly placeDep ROOT set-function-length@1.2.2 OK for: call-bind@1.0.8 want: ^1.2.2
1366 silly placeDep ROOT define-data-property@1.1.4 OK for: define-properties@1.2.1 want: ^1.0.1
1367 silly placeDep ROOT has-property-descriptors@1.0.2 OK for: define-properties@1.2.1 want: ^1.0.0
1368 silly placeDep ROOT object-keys@1.1.1 OK for: define-properties@1.2.1 want: ^1.1.1
1369 silly placeDep ROOT array-buffer-byte-length@1.0.2 OK for: es-abstract@1.24.1 want: ^1.0.2
1370 silly placeDep ROOT arraybuffer.prototype.slice@1.0.4 OK for: es-abstract@1.24.1 want: ^1.0.4
1371 silly placeDep ROOT available-typed-arrays@1.0.7 OK for: es-abstract@1.24.1 want: ^1.0.7
1372 silly placeDep ROOT data-view-buffer@1.0.2 OK for: es-abstract@1.24.1 want: ^1.0.2
1373 silly placeDep ROOT data-view-byte-length@1.0.2 OK for: es-abstract@1.24.1 want: ^1.0.2
1374 silly placeDep ROOT data-view-byte-offset@1.0.1 OK for: es-abstract@1.24.1 want: ^1.0.1
1375 silly placeDep ROOT es-to-primitive@1.3.0 OK for: es-abstract@1.24.1 want: ^1.3.0
1376 silly placeDep ROOT function.prototype.name@1.1.8 OK for: es-abstract@1.24.1 want: ^1.1.8
1377 silly placeDep ROOT get-symbol-description@1.1.0 OK for: es-abstract@1.24.1 want: ^1.1.0
1378 silly placeDep ROOT globalthis@1.0.4 OK for: es-abstract@1.24.1 want: ^1.0.4
1379 silly placeDep ROOT has-proto@1.2.0 OK for: es-abstract@1.24.1 want: ^1.2.0
1380 silly placeDep ROOT is-array-buffer@3.0.5 OK for: es-abstract@1.24.1 want: ^3.0.5
1381 silly placeDep ROOT is-callable@1.2.7 OK for: es-abstract@1.24.1 want: ^1.2.7
1382 silly placeDep ROOT is-data-view@1.0.2 OK for: es-abstract@1.24.1 want: ^1.0.2
1383 silly placeDep ROOT is-negative-zero@2.0.3 OK for: es-abstract@1.24.1 want: ^2.0.3
1384 silly placeDep ROOT is-regex@1.2.1 OK for: es-abstract@1.24.1 want: ^1.2.1
1385 silly placeDep ROOT is-set@2.0.3 OK for: es-abstract@1.24.1 want: ^2.0.3
1386 silly placeDep ROOT is-shared-array-buffer@1.0.4 OK for: es-abstract@1.24.1 want: ^1.0.4
1387 silly placeDep ROOT is-string@1.1.1 OK for: es-abstract@1.24.1 want: ^1.1.1
1388 silly placeDep ROOT is-typed-array@1.1.15 OK for: es-abstract@1.24.1 want: ^1.1.15
1389 silly placeDep ROOT is-weakref@1.1.1 OK for: es-abstract@1.24.1 want: ^1.1.1
1390 silly placeDep ROOT object-inspect@1.13.4 OK for: es-abstract@1.24.1 want: ^1.13.4
1391 silly placeDep ROOT object.assign@4.1.7 OK for: es-abstract@1.24.1 want: ^4.1.7
1392 silly placeDep ROOT own-keys@1.0.1 OK for: es-abstract@1.24.1 want: ^1.0.1
1393 silly placeDep ROOT safe-array-concat@1.1.3 OK for: es-abstract@1.24.1 want: ^1.1.3
1394 silly placeDep ROOT safe-push-apply@1.0.0 OK for: es-abstract@1.24.1 want: ^1.0.0
1395 silly placeDep ROOT safe-regex-test@1.1.0 OK for: es-abstract@1.24.1 want: ^1.1.0
1396 silly placeDep ROOT set-proto@1.0.0 OK for: es-abstract@1.24.1 want: ^1.0.0
1397 silly placeDep ROOT stop-iteration-iterator@1.1.0 OK for: es-abstract@1.24.1 want: ^1.1.0
1398 silly placeDep ROOT string.prototype.trim@1.2.10 OK for: es-abstract@1.24.1 want: ^1.2.10
1399 silly placeDep ROOT string.prototype.trimend@1.0.9 OK for: es-abstract@1.24.1 want: ^1.0.9
1400 silly placeDep ROOT string.prototype.trimstart@1.0.8 OK for: es-abstract@1.24.1 want: ^1.0.8
1401 silly placeDep ROOT typed-array-buffer@1.0.3 OK for: es-abstract@1.24.1 want: ^1.0.3
1402 silly placeDep ROOT typed-array-byte-length@1.0.3 OK for: es-abstract@1.24.1 want: ^1.0.3
1403 silly placeDep ROOT typed-array-byte-offset@1.0.4 OK for: es-abstract@1.24.1 want: ^1.0.4
1404 silly placeDep ROOT typed-array-length@1.0.7 OK for: es-abstract@1.24.1 want: ^1.0.7
1405 silly placeDep ROOT unbox-primitive@1.1.0 OK for: es-abstract@1.24.1 want: ^1.1.0
1406 silly placeDep ROOT which-typed-array@1.1.20 OK for: es-abstract@1.24.1 want: ^1.1.19
1407 silly fetch manifest is-array-buffer@^3.0.4
1408 silly packumentCache full:https://registry.npmjs.org/is-array-buffer cache-miss
1409 silly fetch manifest possible-typed-array-names@^1.0.0
1410 silly packumentCache full:https://registry.npmjs.org/possible-typed-array-names cache-miss
1411 silly fetch manifest is-data-view@^1.0.1
1412 silly packumentCache full:https://registry.npmjs.org/is-data-view cache-miss
1413 silly fetch manifest is-date-object@^1.0.5
1414 silly packumentCache full:https://registry.npmjs.org/is-date-object cache-miss
1415 silly fetch manifest is-symbol@^1.0.4
1416 silly packumentCache full:https://registry.npmjs.org/is-symbol cache-miss
1417 silly fetch manifest is-typed-array@^1.1.13
1418 silly packumentCache full:https://registry.npmjs.org/is-typed-array cache-miss
1419 silly fetch manifest which-typed-array@^1.1.16
1420 silly packumentCache full:https://registry.npmjs.org/which-typed-array cache-miss
1421 silly fetch manifest isarray@^2.0.5
1422 silly packumentCache full:https://registry.npmjs.org/isarray cache-miss
1423 silly fetch manifest isarray@^2.0.5
1424 silly packumentCache full:https://registry.npmjs.org/isarray cache-miss
1425 silly fetch manifest for-each@^0.3.3
1426 silly packumentCache full:https://registry.npmjs.org/for-each cache-miss
1427 silly fetch manifest for-each@^0.3.3
1428 silly packumentCache full:https://registry.npmjs.org/for-each cache-miss
1429 silly fetch manifest reflect.getprototypeof@^1.0.9
1430 silly packumentCache full:https://registry.npmjs.org/reflect.getprototypeof cache-miss
1431 silly fetch manifest for-each@^0.3.3
1432 silly packumentCache full:https://registry.npmjs.org/for-each cache-miss
1433 silly fetch manifest possible-typed-array-names@^1.0.0
1434 silly packumentCache full:https://registry.npmjs.org/possible-typed-array-names cache-miss
1435 silly fetch manifest reflect.getprototypeof@^1.0.6
1436 silly packumentCache full:https://registry.npmjs.org/reflect.getprototypeof cache-miss
1437 silly fetch manifest has-bigints@^1.0.2
1438 silly packumentCache full:https://registry.npmjs.org/has-bigints cache-miss
1439 silly fetch manifest which-boxed-primitive@^1.1.1
1440 silly packumentCache full:https://registry.npmjs.org/which-boxed-primitive cache-miss
1441 silly fetch manifest for-each@^0.3.5
1442 silly packumentCache full:https://registry.npmjs.org/for-each cache-miss
1443 http cache https://registry.npmjs.org/is-array-buffer 13ms (cache hit)
1444 silly packumentCache full:https://registry.npmjs.org/is-array-buffer set size:33562 disposed:false
1445 http cache https://registry.npmjs.org/is-data-view 15ms (cache hit)
1446 silly packumentCache full:https://registry.npmjs.org/is-data-view set size:13756 disposed:false
1447 http cache https://registry.npmjs.org/which-typed-array 14ms (cache hit)
1448 silly packumentCache full:https://registry.npmjs.org/which-typed-array set size:93605 disposed:false
1449 http cache https://registry.npmjs.org/is-typed-array 16ms (cache hit)
1450 silly packumentCache full:https://registry.npmjs.org/is-typed-array set size:79965 disposed:false
1451 http fetch GET 200 https://registry.npmjs.org/for-each 87ms (cache miss)
1452 silly packumentCache full:https://registry.npmjs.org/for-each set size:undefined disposed:false
1453 http fetch GET 200 https://registry.npmjs.org/isarray 90ms (cache miss)
1454 silly packumentCache full:https://registry.npmjs.org/isarray set size:undefined disposed:false
1455 http fetch GET 200 https://registry.npmjs.org/for-each 90ms (cache miss)
1456 silly packumentCache full:https://registry.npmjs.org/for-each set size:undefined disposed:false
1457 http fetch GET 200 https://registry.npmjs.org/is-symbol 92ms (cache miss)
1458 silly packumentCache full:https://registry.npmjs.org/is-symbol set size:undefined disposed:false
1459 http fetch GET 200 https://registry.npmjs.org/possible-typed-array-names 93ms (cache miss)
1460 silly packumentCache full:https://registry.npmjs.org/possible-typed-array-names set size:undefined disposed:false
1461 http fetch GET 200 https://registry.npmjs.org/for-each 91ms (cache miss)
1462 silly packumentCache full:https://registry.npmjs.org/for-each set size:undefined disposed:false
1463 http fetch GET 200 https://registry.npmjs.org/isarray 93ms (cache miss)
1464 silly packumentCache full:https://registry.npmjs.org/isarray set size:undefined disposed:false
1465 http fetch GET 200 https://registry.npmjs.org/has-bigints 93ms (cache miss)
1466 silly packumentCache full:https://registry.npmjs.org/has-bigints set size:undefined disposed:false
1467 http fetch GET 200 https://registry.npmjs.org/possible-typed-array-names 93ms (cache miss)
1468 silly packumentCache full:https://registry.npmjs.org/possible-typed-array-names set size:undefined disposed:false
1469 http fetch GET 200 https://registry.npmjs.org/for-each 93ms (cache miss)
1470 silly packumentCache full:https://registry.npmjs.org/for-each set size:undefined disposed:false
1471 http fetch GET 200 https://registry.npmjs.org/is-date-object 97ms (cache miss)
1472 silly packumentCache full:https://registry.npmjs.org/is-date-object set size:undefined disposed:false
1473 http fetch GET 200 https://registry.npmjs.org/which-boxed-primitive 94ms (cache miss)
1474 silly packumentCache full:https://registry.npmjs.org/which-boxed-primitive set size:undefined disposed:false
1475 http fetch GET 200 https://registry.npmjs.org/reflect.getprototypeof 96ms (cache miss)
1476 silly packumentCache full:https://registry.npmjs.org/reflect.getprototypeof set size:undefined disposed:false
1477 http fetch GET 200 https://registry.npmjs.org/reflect.getprototypeof 97ms (cache miss)
1478 silly packumentCache full:https://registry.npmjs.org/reflect.getprototypeof set size:undefined disposed:false
1479 silly placeDep ROOT possible-typed-array-names@1.1.0 OK for: available-typed-arrays@1.0.7 want: ^1.0.0
1480 silly placeDep ROOT is-date-object@1.1.0 OK for: es-to-primitive@1.3.0 want: ^1.0.5
1481 silly placeDep ROOT is-symbol@1.1.1 OK for: es-to-primitive@1.3.0 want: ^1.0.4
1482 silly placeDep ROOT functions-have-names@1.2.3 OK for: function.prototype.name@1.1.8 want: ^1.2.3
1483 silly placeDep ROOT isarray@2.0.5 OK for: safe-array-concat@1.1.3 want: ^2.0.5
1484 silly placeDep ROOT side-channel-list@1.0.0 OK for: side-channel@1.1.0 want: ^1.0.0
1485 silly placeDep ROOT side-channel-map@1.0.1 OK for: side-channel@1.1.0 want: ^1.0.1
1486 silly placeDep ROOT side-channel-weakmap@1.0.2 OK for: side-channel@1.1.0 want: ^1.0.2
1487 silly placeDep ROOT get-own-enumerable-property-symbols@3.0.2 OK for: stringify-object@3.3.0 want: ^3.0.0
1488 silly placeDep ROOT is-obj@1.0.1 OK for: stringify-object@3.3.0 want: ^1.0.1
1489 silly placeDep ROOT is-regexp@1.0.0 OK for: stringify-object@3.3.0 want: ^1.0.0
1490 silly placeDep ROOT is-stream@2.0.1 OK for: tempy@0.6.0 want: ^2.0.0
1491 silly placeDep ROOT temp-dir@2.0.0 OK for: tempy@0.6.0 want: ^2.0.0
1492 silly placeDep ROOT type-fest@0.16.0 OK for: tempy@0.6.0 want: ^0.16.0
1493 silly placeDep ROOT unique-string@2.0.0 OK for: tempy@0.6.0 want: ^2.0.0
1494 silly fetch manifest crypto-random-string@^2.0.0
1495 silly packumentCache full:https://registry.npmjs.org/crypto-random-string cache-miss
1496 http fetch GET 200 https://registry.npmjs.org/crypto-random-string 69ms (cache miss)
1497 silly packumentCache full:https://registry.npmjs.org/crypto-random-string set size:undefined disposed:false
1498 silly placeDep ROOT @jridgewell/source-map@0.3.11 OK for: terser@5.46.0 want: ^0.3.3
1499 silly placeDep ROOT commander@2.20.3 OK for: terser@5.46.0 want: ^2.20.0
1500 silly placeDep ROOT source-map-support@0.5.21 OK for: terser@5.46.0 want: ~0.5.20
1501 silly fetch manifest buffer-from@^1.0.0
1502 silly packumentCache full:https://registry.npmjs.org/buffer-from cache-miss
1503 silly fetch manifest source-map@^0.6.0
1504 silly packumentCache full:https://registry.npmjs.org/source-map cache-miss
1505 http cache https://registry.npmjs.org/source-map 4ms (cache hit)
1506 silly packumentCache full:https://registry.npmjs.org/source-map set size:226141 disposed:false
1507 http fetch GET 200 https://registry.npmjs.org/buffer-from 65ms (cache miss)
1508 silly packumentCache full:https://registry.npmjs.org/buffer-from set size:undefined disposed:false
1509 silly placeDep ROOT buffer-from@1.1.2 OK for: source-map-support@0.5.21 want: ^1.0.0
1510 silly placeDep node_modules/source-map-support source-map@0.6.1 OK for: source-map-support@0.5.21 want: ^0.6.0
1511 silly placeDep ROOT for-each@0.3.5 OK for: typed-array-byte-length@1.0.3 want: ^0.3.3
1512 silly placeDep ROOT reflect.getprototypeof@1.0.10 OK for: typed-array-byte-offset@1.0.4 want: ^1.0.9
1513 silly fetch manifest which-builtin-type@^1.2.1
1514 silly packumentCache full:https://registry.npmjs.org/which-builtin-type cache-miss
1515 http fetch GET 200 https://registry.npmjs.org/which-builtin-type 64ms (cache miss)
1516 silly packumentCache full:https://registry.npmjs.org/which-builtin-type set size:undefined disposed:false
1517 silly placeDep ROOT which-builtin-type@1.2.1 OK for: reflect.getprototypeof@1.0.10 want: ^1.2.1
1518 silly fetch manifest is-async-function@^2.0.0
1519 silly packumentCache full:https://registry.npmjs.org/is-async-function cache-miss
1520 silly fetch manifest is-finalizationregistry@^1.1.0
1521 silly packumentCache full:https://registry.npmjs.org/is-finalizationregistry cache-miss
1522 silly fetch manifest is-generator-function@^1.0.10
1523 silly packumentCache full:https://registry.npmjs.org/is-generator-function cache-miss
1524 silly fetch manifest which-boxed-primitive@^1.1.0
1525 silly packumentCache full:https://registry.npmjs.org/which-boxed-primitive cache-miss
1526 silly fetch manifest which-collection@^1.0.2
1527 silly packumentCache full:https://registry.npmjs.org/which-collection cache-miss
1528 http cache https://registry.npmjs.org/which-boxed-primitive 9ms (cache hit)
1529 silly packumentCache full:https://registry.npmjs.org/which-boxed-primitive set size:19407 disposed:false
1530 http fetch GET 200 https://registry.npmjs.org/is-finalizationregistry 73ms (cache miss)
1531 silly packumentCache full:https://registry.npmjs.org/is-finalizationregistry set size:undefined disposed:false
1532 http fetch GET 200 https://registry.npmjs.org/is-async-function 75ms (cache miss)
1533 silly packumentCache full:https://registry.npmjs.org/is-async-function set size:undefined disposed:false
1534 http fetch GET 200 https://registry.npmjs.org/is-generator-function 78ms (cache miss)
1535 silly packumentCache full:https://registry.npmjs.org/is-generator-function set size:undefined disposed:false
1536 http fetch GET 200 https://registry.npmjs.org/which-collection 79ms (cache miss)
1537 silly packumentCache full:https://registry.npmjs.org/which-collection set size:undefined disposed:false
1538 silly placeDep ROOT has-bigints@1.1.0 OK for: unbox-primitive@1.1.0 want: ^1.0.2
1539 silly placeDep ROOT which-boxed-primitive@1.1.1 OK for: unbox-primitive@1.1.0 want: ^1.1.1
1540 silly fetch manifest is-bigint@^1.1.0
1541 silly packumentCache full:https://registry.npmjs.org/is-bigint cache-miss
1542 silly fetch manifest is-boolean-object@^1.2.1
1543 silly packumentCache full:https://registry.npmjs.org/is-boolean-object cache-miss
1544 silly fetch manifest is-number-object@^1.1.1
1545 silly packumentCache full:https://registry.npmjs.org/is-number-object cache-miss
1546 http fetch GET 200 https://registry.npmjs.org/is-boolean-object 69ms (cache miss)
1547 silly packumentCache full:https://registry.npmjs.org/is-boolean-object set size:undefined disposed:false
1548 http fetch GET 200 https://registry.npmjs.org/is-number-object 74ms (cache miss)
1549 silly packumentCache full:https://registry.npmjs.org/is-number-object set size:undefined disposed:false
1550 http fetch GET 200 https://registry.npmjs.org/is-bigint 254ms (cache miss)
1551 silly packumentCache full:https://registry.npmjs.org/is-bigint set size:undefined disposed:false
1552 silly placeDep ROOT unicode-canonical-property-names-ecmascript@2.0.1 OK for: unicode-match-property-ecmascript@2.0.0 want: ^2.0.0
1553 silly placeDep ROOT unicode-property-aliases-ecmascript@2.2.0 OK for: unicode-match-property-ecmascript@2.0.0 want: ^2.0.0
1554 silly placeDep ROOT crypto-random-string@2.0.0 OK for: unique-string@2.0.0 want: ^2.0.0
1555 silly placeDep ROOT is-bigint@1.1.0 OK for: which-boxed-primitive@1.1.1 want: ^1.1.0
1556 silly placeDep ROOT is-boolean-object@1.2.2 OK for: which-boxed-primitive@1.1.1 want: ^1.2.1
1557 silly placeDep ROOT is-number-object@1.1.1 OK for: which-boxed-primitive@1.1.1 want: ^1.1.1
1558 silly placeDep ROOT is-async-function@2.1.1 OK for: which-builtin-type@1.2.1 want: ^2.0.0
1559 silly placeDep ROOT is-finalizationregistry@1.1.1 OK for: which-builtin-type@1.2.1 want: ^1.1.0
1560 silly placeDep ROOT is-generator-function@1.1.2 OK for: which-builtin-type@1.2.1 want: ^1.0.10
1561 silly placeDep ROOT which-collection@1.0.2 OK for: which-builtin-type@1.2.1 want: ^1.0.2
1562 silly fetch manifest async-function@^1.0.0
1563 silly packumentCache full:https://registry.npmjs.org/async-function cache-miss
1564 silly fetch manifest generator-function@^2.0.0
1565 silly packumentCache full:https://registry.npmjs.org/generator-function cache-miss
1566 silly fetch manifest is-map@^2.0.3
1567 silly packumentCache full:https://registry.npmjs.org/is-map cache-miss
1568 silly fetch manifest is-weakmap@^2.0.2
1569 silly packumentCache full:https://registry.npmjs.org/is-weakmap cache-miss
1570 silly fetch manifest is-weakset@^2.0.3
1571 silly packumentCache full:https://registry.npmjs.org/is-weakset cache-miss
1572 http fetch GET 200 https://registry.npmjs.org/async-function 66ms (cache miss)
1573 silly packumentCache full:https://registry.npmjs.org/async-function set size:undefined disposed:false
1574 http fetch GET 200 https://registry.npmjs.org/is-weakmap 72ms (cache miss)
1575 silly packumentCache full:https://registry.npmjs.org/is-weakmap set size:undefined disposed:false
1576 http fetch GET 200 https://registry.npmjs.org/is-weakset 73ms (cache miss)
1577 silly packumentCache full:https://registry.npmjs.org/is-weakset set size:undefined disposed:false
1578 http fetch GET 200 https://registry.npmjs.org/is-map 75ms (cache miss)
1579 silly packumentCache full:https://registry.npmjs.org/is-map set size:undefined disposed:false
1580 http fetch GET 200 https://registry.npmjs.org/generator-function 76ms (cache miss)
1581 silly packumentCache full:https://registry.npmjs.org/generator-function set size:undefined disposed:false
1582 silly placeDep ROOT async-function@1.0.0 OK for: is-async-function@2.1.1 want: ^1.0.0
1583 silly placeDep ROOT generator-function@2.0.1 OK for: is-generator-function@1.1.2 want: ^2.0.0
1584 silly placeDep ROOT is-map@2.0.3 OK for: which-collection@1.0.2 want: ^2.0.3
1585 silly placeDep ROOT is-weakmap@2.0.2 OK for: which-collection@1.0.2 want: ^2.0.2
1586 silly placeDep ROOT is-weakset@2.0.4 OK for: which-collection@1.0.2 want: ^2.0.3
1587 silly placeDep ROOT idb@7.1.1 OK for: workbox-background-sync@7.4.0 want: ^7.0.1
1588 silly placeDep ROOT @types/trusted-types@2.0.7 OK for: workbox-window@7.4.0 want: ^2.0.2
1589 silly placeDep node_modules/filelist brace-expansion@2.0.2 OK for: minimatch@5.1.9 want: ^2.0.1
1590 silly placeDep node_modules/glob brace-expansion@5.0.4 OK for: minimatch@10.2.4 want: ^5.0.2
1591 silly fetch manifest balanced-match@^4.0.2
1592 silly packumentCache full:https://registry.npmjs.org/balanced-match cache-miss
1593 http fetch GET 200 https://registry.npmjs.org/balanced-match 70ms (cache miss)
1594 silly packumentCache full:https://registry.npmjs.org/balanced-match set size:undefined disposed:false
1595 silly placeDep node_modules/glob balanced-match@4.0.4 OK for: brace-expansion@5.0.4 want: ^4.0.2
1596 silly placeDep ROOT json-schema@0.4.0 OK for: @apideck/better-ajv-errors@0.3.6 want: ^0.4.0
1597 silly placeDep ROOT jsonpointer@5.0.1 OK for: @apideck/better-ajv-errors@0.3.6 want: ^5.0.0
1598 silly placeDep ROOT leven@3.1.0 OK for: @apideck/better-ajv-errors@0.3.6 want: ^3.1.0
1599 silly fetch manifest rollup@^1.20.0||^2.0.0
1600 silly packumentCache full:https://registry.npmjs.org/rollup cache-miss
1601 http cache https://registry.npmjs.org/rollup 25ms (cache hit)
1602 silly packumentCache full:https://registry.npmjs.org/rollup set size:6122682 disposed:false
1603 silly placeDep node_modules/workbox-build @rollup/pluginutils@3.1.0 OK for: @rollup/plugin-babel@5.3.1 want: ^3.1.0
1604 silly fetch manifest picomatch@^2.2.2
1605 silly packumentCache full:https://registry.npmjs.org/picomatch cache-miss
1606 silly fetch manifest @types/estree@0.0.39
1607 silly packumentCache full:https://registry.npmjs.org/@types%2festree cache-miss
1608 silly fetch manifest estree-walker@^1.0.1
1609 silly packumentCache full:https://registry.npmjs.org/estree-walker cache-miss
1610 http cache https://registry.npmjs.org/estree-walker 9ms (cache hit)
1611 silly packumentCache full:https://registry.npmjs.org/estree-walker set size:60887 disposed:false
1612 http fetch GET 200 https://registry.npmjs.org/picomatch 69ms (cache miss)
1613 silly packumentCache full:https://registry.npmjs.org/picomatch set size:undefined disposed:false
1614 http fetch GET 200 https://registry.npmjs.org/@types%2festree 76ms (cache miss)
1615 silly packumentCache full:https://registry.npmjs.org/@types%2festree set size:undefined disposed:false
1616 silly placeDep node_modules/workbox-build @types/estree@0.0.39 OK for: @rollup/pluginutils@3.1.0 want: 0.0.39
1617 silly placeDep node_modules/workbox-build estree-walker@1.0.1 OK for: @rollup/pluginutils@3.1.0 want: ^1.0.1
1618 silly placeDep node_modules/workbox-build picomatch@2.3.1 OK for: @rollup/pluginutils@3.1.0 want: ^2.2.2
1619 silly placeDep ROOT fast-uri@3.1.0 OK for: ajv@8.18.0 want: ^3.0.1
1620 silly placeDep node_modules/workbox-build json-schema-traverse@1.0.0 OK for: ajv@8.18.0 want: ^1.0.0
1621 silly placeDep ROOT require-from-string@2.0.2 OK for: ajv@8.18.0 want: ^2.0.2
1622 silly placeDep ROOT whatwg-url@7.1.0 OK for: source-map@0.8.0-beta.0 want: ^7.0.0
1623 silly fetch manifest tr46@^1.0.1
1624 silly packumentCache full:https://registry.npmjs.org/tr46 cache-miss
1625 silly fetch manifest lodash.sortby@^4.7.0
1626 silly packumentCache full:https://registry.npmjs.org/lodash.sortby cache-miss
1627 silly fetch manifest webidl-conversions@^4.0.2
1628 silly packumentCache full:https://registry.npmjs.org/webidl-conversions cache-miss
1629 http fetch GET 200 https://registry.npmjs.org/tr46 67ms (cache miss)
1630 silly packumentCache full:https://registry.npmjs.org/tr46 set size:undefined disposed:false
1631 http fetch GET 200 https://registry.npmjs.org/webidl-conversions 243ms (cache miss)
1632 silly packumentCache full:https://registry.npmjs.org/webidl-conversions set size:undefined disposed:false
1633 http fetch GET 200 https://registry.npmjs.org/lodash.sortby 251ms (cache miss)
1634 silly packumentCache full:https://registry.npmjs.org/lodash.sortby set size:undefined disposed:false
1635 silly placeDep ROOT lodash.sortby@4.7.0 OK for: whatwg-url@7.1.0 want: ^4.7.0
1636 silly placeDep ROOT tr46@1.0.1 OK for: whatwg-url@7.1.0 want: ^1.0.1
1637 silly placeDep ROOT webidl-conversions@4.0.2 OK for: whatwg-url@7.1.0 want: ^4.0.2
1638 silly reify mark retired [
1638 silly reify   'C:\\Users\\aahme\\OneDrive\\Desktop\\versions of clinic system\\eyeDemo\\frontend\\node_modules\\@babel\\code-frame'
1638 silly reify ]
1639 silly reify mark retired [
1639 silly reify   'C:\\Users\\aahme\\OneDrive\\Desktop\\versions of clinic system\\eyeDemo\\frontend\\node_modules\\@babel\\compat-data'
1639 silly reify ]
1640 silly reify mark retired [
1640 silly reify   'C:\\Users\\aahme\\OneDrive\\Desktop\\versions of clinic system\\eyeDemo\\frontend\\node_modules\\@babel\\generator'
1640 silly reify ]
1641 silly reify mark retired [
1641 silly reify   'C:\\Users\\aahme\\OneDrive\\Desktop\\versions of clinic system\\eyeDemo\\frontend\\node_modules\\@babel\\helper-compilation-targets'
1641 silly reify ]
1642 silly reify mark retired [
1642 silly reify   'C:\\Users\\aahme\\OneDrive\\Desktop\\versions of clinic system\\eyeDemo\\frontend\\node_modules\\@babel\\helper-module-transforms'
1642 silly reify ]
1643 silly reify mark retired [
1643 silly reify   'C:\\Users\\aahme\\OneDrive\\Desktop\\versions of clinic system\\eyeDemo\\frontend\\node_modules\\@babel\\helper-module-imports'
1643 silly reify ]
1644 silly reify mark retired [
1644 silly reify   'C:\\Users\\aahme\\OneDrive\\Desktop\\versions of clinic system\\eyeDemo\\frontend\\node_modules\\@babel\\helper-plugin-utils'
1644 silly reify ]
1645 silly reify mark retired [
1645 silly reify   'C:\\Users\\aahme\\OneDrive\\Desktop\\versions of clinic system\\eyeDemo\\frontend\\node_modules\\@babel\\parser',
1645 silly reify   'C:\\Users\\aahme\\OneDrive\\Desktop\\versions of clinic system\\eyeDemo\\frontend\\node_modules\\.bin\\parser',
1645 silly reify   'C:\\Users\\aahme\\OneDrive\\Desktop\\versions of clinic system\\eyeDemo\\frontend\\node_modules\\.bin\\parser.cmd',
1645 silly reify   'C:\\Users\\aahme\\OneDrive\\Desktop\\versions of clinic system\\eyeDemo\\frontend\\node_modules\\.bin\\parser.ps1'
1645 silly reify ]
1646 silly reify mark retired [
1646 silly reify   'C:\\Users\\aahme\\OneDrive\\Desktop\\versions of clinic system\\eyeDemo\\frontend\\node_modules\\@babel\\template'
1646 silly reify ]
1647 silly reify mark retired [
1647 silly reify   'C:\\Users\\aahme\\OneDrive\\Desktop\\versions of clinic system\\eyeDemo\\frontend\\node_modules\\@babel\\traverse'
1647 silly reify ]
1648 silly reify mark retired [
1648 silly reify   'C:\\Users\\aahme\\OneDrive\\Desktop\\versions of clinic system\\eyeDemo\\frontend\\node_modules\\@babel\\types'
1648 silly reify ]
1649 silly reify moves {
1649 silly reify   'C:\\Users\\aahme\\OneDrive\\Desktop\\versions of clinic system\\eyeDemo\\frontend\\node_modules\\@babel\\code-frame': 'C:\\Users\\aahme\\OneDrive\\Desktop\\versions of clinic system\\eyeDemo\\frontend\\node_modules\\@babel\\.code-frame-aeRadAl3',
1649 silly reify   'C:\\Users\\aahme\\OneDrive\\Desktop\\versions of clinic system\\eyeDemo\\frontend\\node_modules\\@babel\\compat-data': 'C:\\Users\\aahme\\OneDrive\\Desktop\\versions of clinic system\\eyeDemo\\frontend\\node_modules\\@babel\\.compat-data-xaPMMuoI',
1649 silly reify   'C:\\Users\\aahme\\OneDrive\\Desktop\\versions of clinic system\\eyeDemo\\frontend\\node_modules\\@babel\\generator': 'C:\\Users\\aahme\\OneDrive\\Desktop\\versions of clinic system\\eyeDemo\\frontend\\node_modules\\@babel\\.generator-Ac5gnrhu',
1649 silly reify   'C:\\Users\\aahme\\OneDrive\\Desktop\\versions of clinic system\\eyeDemo\\frontend\\node_modules\\@babel\\helper-compilation-targets': 'C:\\Users\\aahme\\OneDrive\\Desktop\\versions of clinic system\\eyeDemo\\frontend\\node_modules\\@babel\\.helper-compilation-targets-3e8oGGVn',
1649 silly reify   'C:\\Users\\aahme\\OneDrive\\Desktop\\versions of clinic system\\eyeDemo\\frontend\\node_modules\\@babel\\helper-module-transforms': 'C:\\Users\\aahme\\OneDrive\\Desktop\\versions of clinic system\\eyeDemo\\frontend\\node_modules\\@babel\\.helper-module-transforms-hMmjfkLe',
1649 silly reify   'C:\\Users\\aahme\\OneDrive\\Desktop\\versions of clinic system\\eyeDemo\\frontend\\node_modules\\@babel\\helper-module-imports': 'C:\\Users\\aahme\\OneDrive\\Desktop\\versions of clinic system\\eyeDemo\\frontend\\node_modules\\@babel\\.helper-module-imports-jZQOjnzj',
1649 silly reify   'C:\\Users\\aahme\\OneDrive\\Desktop\\versions of clinic system\\eyeDemo\\frontend\\node_modules\\@babel\\helper-plugin-utils': 'C:\\Users\\aahme\\OneDrive\\Desktop\\versions of clinic system\\eyeDemo\\frontend\\node_modules\\@babel\\.helper-plugin-utils-D1A4uab5',
1649 silly reify   'C:\\Users\\aahme\\OneDrive\\Desktop\\versions of clinic system\\eyeDemo\\frontend\\node_modules\\@babel\\parser': 'C:\\Users\\aahme\\OneDrive\\Desktop\\versions of clinic system\\eyeDemo\\frontend\\node_modules\\@babel\\.parser-h8K6TFxY',
1649 silly reify   'C:\\Users\\aahme\\OneDrive\\Desktop\\versions of clinic system\\eyeDemo\\frontend\\node_modules\\.bin\\parser': 'C:\\Users\\aahme\\OneDrive\\Desktop\\versions of clinic system\\eyeDemo\\frontend\\node_modules\\.bin\\.parser-NoRTaxwI',
1649 silly reify   'C:\\Users\\aahme\\OneDrive\\Desktop\\versions of clinic system\\eyeDemo\\frontend\\node_modules\\.bin\\parser.cmd': 'C:\\Users\\aahme\\OneDrive\\Desktop\\versions of clinic system\\eyeDemo\\frontend\\node_modules\\.bin\\.parser.cmd-vUCEm3UF',
1649 silly reify   'C:\\Users\\aahme\\OneDrive\\Desktop\\versions of clinic system\\eyeDemo\\frontend\\node_modules\\.bin\\parser.ps1': 'C:\\Users\\aahme\\OneDrive\\Desktop\\versions of clinic system\\eyeDemo\\frontend\\node_modules\\.bin\\.parser.ps1-6uVoHB9t',
1649 silly reify   'C:\\Users\\aahme\\OneDrive\\Desktop\\versions of clinic system\\eyeDemo\\frontend\\node_modules\\@babel\\template': 'C:\\Users\\aahme\\OneDrive\\Desktop\\versions of clinic system\\eyeDemo\\frontend\\node_modules\\@babel\\.template-oXqQOS79',
1649 silly reify   'C:\\Users\\aahme\\OneDrive\\Desktop\\versions of clinic system\\eyeDemo\\frontend\\node_modules\\@babel\\traverse': 'C:\\Users\\aahme\\OneDrive\\Desktop\\versions of clinic system\\eyeDemo\\frontend\\node_modules\\@babel\\.traverse-R6WL9QjG',
1649 silly reify   'C:\\Users\\aahme\\OneDrive\\Desktop\\versions of clinic system\\eyeDemo\\frontend\\node_modules\\@babel\\types': 'C:\\Users\\aahme\\OneDrive\\Desktop\\versions of clinic system\\eyeDemo\\frontend\\node_modules\\@babel\\.types-JoF7S1Vo'
1649 silly reify }
1650 verbose reify failed optional dependency C:\Users\aahme\OneDrive\Desktop\versions of clinic system\eyeDemo\frontend\node_modules\fsevents
1651 silly reify mark deleted [
1651 silly reify   'C:\\Users\\aahme\\OneDrive\\Desktop\\versions of clinic system\\eyeDemo\\frontend\\node_modules\\fsevents'
1651 silly reify ]
1652 verbose reify failed optional dependency C:\Users\aahme\OneDrive\Desktop\versions of clinic system\eyeDemo\frontend\node_modules\@rollup\rollup-win32-ia32-msvc
1653 silly reify mark deleted [
1653 silly reify   'C:\\Users\\aahme\\OneDrive\\Desktop\\versions of clinic system\\eyeDemo\\frontend\\node_modules\\@rollup\\rollup-win32-ia32-msvc'
1653 silly reify ]
1654 verbose reify failed optional dependency C:\Users\aahme\OneDrive\Desktop\versions of clinic system\eyeDemo\frontend\node_modules\@rollup\rollup-win32-arm64-msvc
1655 silly reify mark deleted [
1655 silly reify   'C:\\Users\\aahme\\OneDrive\\Desktop\\versions of clinic system\\eyeDemo\\frontend\\node_modules\\@rollup\\rollup-win32-arm64-msvc'
1655 silly reify ]
1656 verbose reify failed optional dependency C:\Users\aahme\OneDrive\Desktop\versions of clinic system\eyeDemo\frontend\node_modules\@rollup\rollup-openharmony-arm64
1657 silly reify mark deleted [
1657 silly reify   'C:\\Users\\aahme\\OneDrive\\Desktop\\versions of clinic system\\eyeDemo\\frontend\\node_modules\\@rollup\\rollup-openharmony-arm64'
1657 silly reify ]
1658 verbose reify failed optional dependency C:\Users\aahme\OneDrive\Desktop\versions of clinic system\eyeDemo\frontend\node_modules\@rollup\rollup-openbsd-x64
1659 silly reify mark deleted [
1659 silly reify   'C:\\Users\\aahme\\OneDrive\\Desktop\\versions of clinic system\\eyeDemo\\frontend\\node_modules\\@rollup\\rollup-openbsd-x64'
1659 silly reify ]
1660 verbose reify failed optional dependency C:\Users\aahme\OneDrive\Desktop\versions of clinic system\eyeDemo\frontend\node_modules\@rollup\rollup-linux-x64-musl
1661 silly reify mark deleted [
1661 silly reify   'C:\\Users\\aahme\\OneDrive\\Desktop\\versions of clinic system\\eyeDemo\\frontend\\node_modules\\@rollup\\rollup-linux-x64-musl'
1661 silly reify ]
1662 verbose reify failed optional dependency C:\Users\aahme\OneDrive\Desktop\versions of clinic system\eyeDemo\frontend\node_modules\@rollup\rollup-linux-x64-gnu
1663 silly reify mark deleted [
1663 silly reify   'C:\\Users\\aahme\\OneDrive\\Desktop\\versions of clinic system\\eyeDemo\\frontend\\node_modules\\@rollup\\rollup-linux-x64-gnu'
1663 silly reify ]
1664 verbose reify failed optional dependency C:\Users\aahme\OneDrive\Desktop\versions of clinic system\eyeDemo\frontend\node_modules\@rollup\rollup-linux-s390x-gnu
1665 silly reify mark deleted [
1665 silly reify   'C:\\Users\\aahme\\OneDrive\\Desktop\\versions of clinic system\\eyeDemo\\frontend\\node_modules\\@rollup\\rollup-linux-s390x-gnu'
1665 silly reify ]
1666 verbose reify failed optional dependency C:\Users\aahme\OneDrive\Desktop\versions of clinic system\eyeDemo\frontend\node_modules\@rollup\rollup-linux-riscv64-musl
1667 silly reify mark deleted [
1667 silly reify   'C:\\Users\\aahme\\OneDrive\\Desktop\\versions of clinic system\\eyeDemo\\frontend\\node_modules\\@rollup\\rollup-linux-riscv64-musl'
1667 silly reify ]
1668 verbose reify failed optional dependency C:\Users\aahme\OneDrive\Desktop\versions of clinic system\eyeDemo\frontend\node_modules\@rollup\rollup-linux-riscv64-gnu
1669 silly reify mark deleted [
1669 silly reify   'C:\\Users\\aahme\\OneDrive\\Desktop\\versions of clinic system\\eyeDemo\\frontend\\node_modules\\@rollup\\rollup-linux-riscv64-gnu'
1669 silly reify ]
1670 verbose reify failed optional dependency C:\Users\aahme\OneDrive\Desktop\versions of clinic system\eyeDemo\frontend\node_modules\@rollup\rollup-linux-ppc64-musl
1671 silly reify mark deleted [
1671 silly reify   'C:\\Users\\aahme\\OneDrive\\Desktop\\versions of clinic system\\eyeDemo\\frontend\\node_modules\\@rollup\\rollup-linux-ppc64-musl'
1671 silly reify ]
1672 verbose reify failed optional dependency C:\Users\aahme\OneDrive\Desktop\versions of clinic system\eyeDemo\frontend\node_modules\@rollup\rollup-linux-ppc64-gnu
1673 silly reify mark deleted [
1673 silly reify   'C:\\Users\\aahme\\OneDrive\\Desktop\\versions of clinic system\\eyeDemo\\frontend\\node_modules\\@rollup\\rollup-linux-ppc64-gnu'
1673 silly reify ]
1674 verbose reify failed optional dependency C:\Users\aahme\OneDrive\Desktop\versions of clinic system\eyeDemo\frontend\node_modules\@rollup\rollup-linux-loong64-musl
1675 silly reify mark deleted [
1675 silly reify   'C:\\Users\\aahme\\OneDrive\\Desktop\\versions of clinic system\\eyeDemo\\frontend\\node_modules\\@rollup\\rollup-linux-loong64-musl'
1675 silly reify ]
1676 verbose reify failed optional dependency C:\Users\aahme\OneDrive\Desktop\versions of clinic system\eyeDemo\frontend\node_modules\@rollup\rollup-linux-loong64-gnu
1677 silly reify mark deleted [
1677 silly reify   'C:\\Users\\aahme\\OneDrive\\Desktop\\versions of clinic system\\eyeDemo\\frontend\\node_modules\\@rollup\\rollup-linux-loong64-gnu'
1677 silly reify ]
1678 verbose reify failed optional dependency C:\Users\aahme\OneDrive\Desktop\versions of clinic system\eyeDemo\frontend\node_modules\@rollup\rollup-linux-arm64-musl
1679 silly reify mark deleted [
1679 silly reify   'C:\\Users\\aahme\\OneDrive\\Desktop\\versions of clinic system\\eyeDemo\\frontend\\node_modules\\@rollup\\rollup-linux-arm64-musl'
1679 silly reify ]
1680 verbose reify failed optional dependency C:\Users\aahme\OneDrive\Desktop\versions of clinic system\eyeDemo\frontend\node_modules\@rollup\rollup-linux-arm64-gnu
1681 silly reify mark deleted [
1681 silly reify   'C:\\Users\\aahme\\OneDrive\\Desktop\\versions of clinic system\\eyeDemo\\frontend\\node_modules\\@rollup\\rollup-linux-arm64-gnu'
1681 silly reify ]
1682 verbose reify failed optional dependency C:\Users\aahme\OneDrive\Desktop\versions of clinic system\eyeDemo\frontend\node_modules\@rollup\rollup-linux-arm-musleabihf
1683 silly reify mark deleted [
1683 silly reify   'C:\\Users\\aahme\\OneDrive\\Desktop\\versions of clinic system\\eyeDemo\\frontend\\node_modules\\@rollup\\rollup-linux-arm-musleabihf'
1683 silly reify ]
1684 verbose reify failed optional dependency C:\Users\aahme\OneDrive\Desktop\versions of clinic system\eyeDemo\frontend\node_modules\@rollup\rollup-linux-arm-gnueabihf
1685 silly reify mark deleted [
1685 silly reify   'C:\\Users\\aahme\\OneDrive\\Desktop\\versions of clinic system\\eyeDemo\\frontend\\node_modules\\@rollup\\rollup-linux-arm-gnueabihf'
1685 silly reify ]
1686 verbose reify failed optional dependency C:\Users\aahme\OneDrive\Desktop\versions of clinic system\eyeDemo\frontend\node_modules\@rollup\rollup-freebsd-x64
1687 silly reify mark deleted [
1687 silly reify   'C:\\Users\\aahme\\OneDrive\\Desktop\\versions of clinic system\\eyeDemo\\frontend\\node_modules\\@rollup\\rollup-freebsd-x64'
1687 silly reify ]
1688 verbose reify failed optional dependency C:\Users\aahme\OneDrive\Desktop\versions of clinic system\eyeDemo\frontend\node_modules\@rollup\rollup-freebsd-arm64
1689 silly reify mark deleted [
1689 silly reify   'C:\\Users\\aahme\\OneDrive\\Desktop\\versions of clinic system\\eyeDemo\\frontend\\node_modules\\@rollup\\rollup-freebsd-arm64'
1689 silly reify ]
1690 verbose reify failed optional dependency C:\Users\aahme\OneDrive\Desktop\versions of clinic system\eyeDemo\frontend\node_modules\@rollup\rollup-darwin-x64
1691 silly reify mark deleted [
1691 silly reify   'C:\\Users\\aahme\\OneDrive\\Desktop\\versions of clinic system\\eyeDemo\\frontend\\node_modules\\@rollup\\rollup-darwin-x64'
1691 silly reify ]
1692 verbose reify failed optional dependency C:\Users\aahme\OneDrive\Desktop\versions of clinic system\eyeDemo\frontend\node_modules\@rollup\rollup-darwin-arm64
1693 silly reify mark deleted [
1693 silly reify   'C:\\Users\\aahme\\OneDrive\\Desktop\\versions of clinic system\\eyeDemo\\frontend\\node_modules\\@rollup\\rollup-darwin-arm64'
1693 silly reify ]
1694 verbose reify failed optional dependency C:\Users\aahme\OneDrive\Desktop\versions of clinic system\eyeDemo\frontend\node_modules\@rollup\rollup-android-arm64
1695 silly reify mark deleted [
1695 silly reify   'C:\\Users\\aahme\\OneDrive\\Desktop\\versions of clinic system\\eyeDemo\\frontend\\node_modules\\@rollup\\rollup-android-arm64'
1695 silly reify ]
1696 verbose reify failed optional dependency C:\Users\aahme\OneDrive\Desktop\versions of clinic system\eyeDemo\frontend\node_modules\@rollup\rollup-android-arm-eabi
1697 silly reify mark deleted [
1697 silly reify   'C:\\Users\\aahme\\OneDrive\\Desktop\\versions of clinic system\\eyeDemo\\frontend\\node_modules\\@rollup\\rollup-android-arm-eabi'
1697 silly reify ]
1698 verbose reify failed optional dependency C:\Users\aahme\OneDrive\Desktop\versions of clinic system\eyeDemo\frontend\node_modules\@parcel\watcher-win32-ia32
1699 silly reify mark deleted [
1699 silly reify   'C:\\Users\\aahme\\OneDrive\\Desktop\\versions of clinic system\\eyeDemo\\frontend\\node_modules\\@parcel\\watcher-win32-ia32'
1699 silly reify ]
1700 verbose reify failed optional dependency C:\Users\aahme\OneDrive\Desktop\versions of clinic system\eyeDemo\frontend\node_modules\@parcel\watcher-win32-arm64
1701 silly reify mark deleted [
1701 silly reify   'C:\\Users\\aahme\\OneDrive\\Desktop\\versions of clinic system\\eyeDemo\\frontend\\node_modules\\@parcel\\watcher-win32-arm64'
1701 silly reify ]
1702 verbose reify failed optional dependency C:\Users\aahme\OneDrive\Desktop\versions of clinic system\eyeDemo\frontend\node_modules\@parcel\watcher-linux-x64-musl
1703 silly reify mark deleted [
1703 silly reify   'C:\\Users\\aahme\\OneDrive\\Desktop\\versions of clinic system\\eyeDemo\\frontend\\node_modules\\@parcel\\watcher-linux-x64-musl'
1703 silly reify ]
1704 verbose reify failed optional dependency C:\Users\aahme\OneDrive\Desktop\versions of clinic system\eyeDemo\frontend\node_modules\@parcel\watcher-linux-x64-glibc
1705 silly reify mark deleted [
1705 silly reify   'C:\\Users\\aahme\\OneDrive\\Desktop\\versions of clinic system\\eyeDemo\\frontend\\node_modules\\@parcel\\watcher-linux-x64-glibc'
1705 silly reify ]
1706 verbose reify failed optional dependency C:\Users\aahme\OneDrive\Desktop\versions of clinic system\eyeDemo\frontend\node_modules\@parcel\watcher-linux-arm64-musl
1707 silly reify mark deleted [
1707 silly reify   'C:\\Users\\aahme\\OneDrive\\Desktop\\versions of clinic system\\eyeDemo\\frontend\\node_modules\\@parcel\\watcher-linux-arm64-musl'
1707 silly reify ]
1708 verbose reify failed optional dependency C:\Users\aahme\OneDrive\Desktop\versions of clinic system\eyeDemo\frontend\node_modules\@parcel\watcher-linux-arm64-glibc
1709 silly reify mark deleted [
1709 silly reify   'C:\\Users\\aahme\\OneDrive\\Desktop\\versions of clinic system\\eyeDemo\\frontend\\node_modules\\@parcel\\watcher-linux-arm64-glibc'
1709 silly reify ]
1710 verbose reify failed optional dependency C:\Users\aahme\OneDrive\Desktop\versions of clinic system\eyeDemo\frontend\node_modules\@parcel\watcher-linux-arm-musl
1711 silly reify mark deleted [
1711 silly reify   'C:\\Users\\aahme\\OneDrive\\Desktop\\versions of clinic system\\eyeDemo\\frontend\\node_modules\\@parcel\\watcher-linux-arm-musl'
1711 silly reify ]
1712 verbose reify failed optional dependency C:\Users\aahme\OneDrive\Desktop\versions of clinic system\eyeDemo\frontend\node_modules\@parcel\watcher-linux-arm-glibc
1713 silly reify mark deleted [
1713 silly reify   'C:\\Users\\aahme\\OneDrive\\Desktop\\versions of clinic system\\eyeDemo\\frontend\\node_modules\\@parcel\\watcher-linux-arm-glibc'
1713 silly reify ]
1714 verbose reify failed optional dependency C:\Users\aahme\OneDrive\Desktop\versions of clinic system\eyeDemo\frontend\node_modules\@parcel\watcher-freebsd-x64
1715 silly reify mark deleted [
1715 silly reify   'C:\\Users\\aahme\\OneDrive\\Desktop\\versions of clinic system\\eyeDemo\\frontend\\node_modules\\@parcel\\watcher-freebsd-x64'
1715 silly reify ]
1716 verbose reify failed optional dependency C:\Users\aahme\OneDrive\Desktop\versions of clinic system\eyeDemo\frontend\node_modules\@parcel\watcher-darwin-x64
1717 silly reify mark deleted [
1717 silly reify   'C:\\Users\\aahme\\OneDrive\\Desktop\\versions of clinic system\\eyeDemo\\frontend\\node_modules\\@parcel\\watcher-darwin-x64'
1717 silly reify ]
1718 verbose reify failed optional dependency C:\Users\aahme\OneDrive\Desktop\versions of clinic system\eyeDemo\frontend\node_modules\@parcel\watcher-darwin-arm64
1719 silly reify mark deleted [
1719 silly reify   'C:\\Users\\aahme\\OneDrive\\Desktop\\versions of clinic system\\eyeDemo\\frontend\\node_modules\\@parcel\\watcher-darwin-arm64'
1719 silly reify ]
1720 verbose reify failed optional dependency C:\Users\aahme\OneDrive\Desktop\versions of clinic system\eyeDemo\frontend\node_modules\@parcel\watcher-android-arm64
1721 silly reify mark deleted [
1721 silly reify   'C:\\Users\\aahme\\OneDrive\\Desktop\\versions of clinic system\\eyeDemo\\frontend\\node_modules\\@parcel\\watcher-android-arm64'
1721 silly reify ]
1722 verbose reify failed optional dependency C:\Users\aahme\OneDrive\Desktop\versions of clinic system\eyeDemo\frontend\node_modules\@esbuild\win32-ia32
1723 silly reify mark deleted [
1723 silly reify   'C:\\Users\\aahme\\OneDrive\\Desktop\\versions of clinic system\\eyeDemo\\frontend\\node_modules\\@esbuild\\win32-ia32'
1723 silly reify ]
1724 verbose reify failed optional dependency C:\Users\aahme\OneDrive\Desktop\versions of clinic system\eyeDemo\frontend\node_modules\@esbuild\win32-arm64
1725 silly reify mark deleted [
1725 silly reify   'C:\\Users\\aahme\\OneDrive\\Desktop\\versions of clinic system\\eyeDemo\\frontend\\node_modules\\@esbuild\\win32-arm64'
1725 silly reify ]
1726 verbose reify failed optional dependency C:\Users\aahme\OneDrive\Desktop\versions of clinic system\eyeDemo\frontend\node_modules\@esbuild\sunos-x64
1727 silly reify mark deleted [
1727 silly reify   'C:\\Users\\aahme\\OneDrive\\Desktop\\versions of clinic system\\eyeDemo\\frontend\\node_modules\\@esbuild\\sunos-x64'
1727 silly reify ]
1728 verbose reify failed optional dependency C:\Users\aahme\OneDrive\Desktop\versions of clinic system\eyeDemo\frontend\node_modules\@esbuild\openharmony-arm64
1729 silly reify mark deleted [
1729 silly reify   'C:\\Users\\aahme\\OneDrive\\Desktop\\versions of clinic system\\eyeDemo\\frontend\\node_modules\\@esbuild\\openharmony-arm64'
1729 silly reify ]
1730 verbose reify failed optional dependency C:\Users\aahme\OneDrive\Desktop\versions of clinic system\eyeDemo\frontend\node_modules\@esbuild\openbsd-x64
1731 silly reify mark deleted [
1731 silly reify   'C:\\Users\\aahme\\OneDrive\\Desktop\\versions of clinic system\\eyeDemo\\frontend\\node_modules\\@esbuild\\openbsd-x64'
1731 silly reify ]
1732 verbose reify failed optional dependency C:\Users\aahme\OneDrive\Desktop\versions of clinic system\eyeDemo\frontend\node_modules\@esbuild\openbsd-arm64
1733 silly reify mark deleted [
1733 silly reify   'C:\\Users\\aahme\\OneDrive\\Desktop\\versions of clinic system\\eyeDemo\\frontend\\node_modules\\@esbuild\\openbsd-arm64'
1733 silly reify ]
1734 verbose reify failed optional dependency C:\Users\aahme\OneDrive\Desktop\versions of clinic system\eyeDemo\frontend\node_modules\@esbuild\netbsd-x64
1735 silly reify mark deleted [
1735 silly reify   'C:\\Users\\aahme\\OneDrive\\Desktop\\versions of clinic system\\eyeDemo\\frontend\\node_modules\\@esbuild\\netbsd-x64'
1735 silly reify ]
1736 verbose reify failed optional dependency C:\Users\aahme\OneDrive\Desktop\versions of clinic system\eyeDemo\frontend\node_modules\@esbuild\netbsd-arm64
1737 silly reify mark deleted [
1737 silly reify   'C:\\Users\\aahme\\OneDrive\\Desktop\\versions of clinic system\\eyeDemo\\frontend\\node_modules\\@esbuild\\netbsd-arm64'
1737 silly reify ]
1738 verbose reify failed optional dependency C:\Users\aahme\OneDrive\Desktop\versions of clinic system\eyeDemo\frontend\node_modules\@esbuild\linux-x64
1739 silly reify mark deleted [
1739 silly reify   'C:\\Users\\aahme\\OneDrive\\Desktop\\versions of clinic system\\eyeDemo\\frontend\\node_modules\\@esbuild\\linux-x64'
1739 silly reify ]
1740 verbose reify failed optional dependency C:\Users\aahme\OneDrive\Desktop\versions of clinic system\eyeDemo\frontend\node_modules\@esbuild\linux-s390x
1741 silly reify mark deleted [
1741 silly reify   'C:\\Users\\aahme\\OneDrive\\Desktop\\versions of clinic system\\eyeDemo\\frontend\\node_modules\\@esbuild\\linux-s390x'
1741 silly reify ]
1742 verbose reify failed optional dependency C:\Users\aahme\OneDrive\Desktop\versions of clinic system\eyeDemo\frontend\node_modules\@esbuild\linux-riscv64
1743 silly reify mark deleted [
1743 silly reify   'C:\\Users\\aahme\\OneDrive\\Desktop\\versions of clinic system\\eyeDemo\\frontend\\node_modules\\@esbuild\\linux-riscv64'
1743 silly reify ]
1744 verbose reify failed optional dependency C:\Users\aahme\OneDrive\Desktop\versions of clinic system\eyeDemo\frontend\node_modules\@esbuild\linux-ppc64
1745 silly reify mark deleted [
1745 silly reify   'C:\\Users\\aahme\\OneDrive\\Desktop\\versions of clinic system\\eyeDemo\\frontend\\node_modules\\@esbuild\\linux-ppc64'
1745 silly reify ]
1746 verbose reify failed optional dependency C:\Users\aahme\OneDrive\Desktop\versions of clinic system\eyeDemo\frontend\node_modules\@esbuild\linux-mips64el
1747 silly reify mark deleted [
1747 silly reify   'C:\\Users\\aahme\\OneDrive\\Desktop\\versions of clinic system\\eyeDemo\\frontend\\node_modules\\@esbuild\\linux-mips64el'
1747 silly reify ]
1748 verbose reify failed optional dependency C:\Users\aahme\OneDrive\Desktop\versions of clinic system\eyeDemo\frontend\node_modules\@esbuild\linux-loong64
1749 silly reify mark deleted [
1749 silly reify   'C:\\Users\\aahme\\OneDrive\\Desktop\\versions of clinic system\\eyeDemo\\frontend\\node_modules\\@esbuild\\linux-loong64'
1749 silly reify ]
1750 verbose reify failed optional dependency C:\Users\aahme\OneDrive\Desktop\versions of clinic system\eyeDemo\frontend\node_modules\@esbuild\linux-ia32
1751 silly reify mark deleted [
1751 silly reify   'C:\\Users\\aahme\\OneDrive\\Desktop\\versions of clinic system\\eyeDemo\\frontend\\node_modules\\@esbuild\\linux-ia32'
1751 silly reify ]
1752 verbose reify failed optional dependency C:\Users\aahme\OneDrive\Desktop\versions of clinic system\eyeDemo\frontend\node_modules\@esbuild\linux-arm64
1753 silly reify mark deleted [
1753 silly reify   'C:\\Users\\aahme\\OneDrive\\Desktop\\versions of clinic system\\eyeDemo\\frontend\\node_modules\\@esbuild\\linux-arm64'
1753 silly reify ]
1754 verbose reify failed optional dependency C:\Users\aahme\OneDrive\Desktop\versions of clinic system\eyeDemo\frontend\node_modules\@esbuild\linux-arm
1755 silly reify mark deleted [
1755 silly reify   'C:\\Users\\aahme\\OneDrive\\Desktop\\versions of clinic system\\eyeDemo\\frontend\\node_modules\\@esbuild\\linux-arm'
1755 silly reify ]
1756 verbose reify failed optional dependency C:\Users\aahme\OneDrive\Desktop\versions of clinic system\eyeDemo\frontend\node_modules\@esbuild\freebsd-x64
1757 silly reify mark deleted [
1757 silly reify   'C:\\Users\\aahme\\OneDrive\\Desktop\\versions of clinic system\\eyeDemo\\frontend\\node_modules\\@esbuild\\freebsd-x64'
1757 silly reify ]
1758 verbose reify failed optional dependency C:\Users\aahme\OneDrive\Desktop\versions of clinic system\eyeDemo\frontend\node_modules\@esbuild\freebsd-arm64
1759 silly reify mark deleted [
1759 silly reify   'C:\\Users\\aahme\\OneDrive\\Desktop\\versions of clinic system\\eyeDemo\\frontend\\node_modules\\@esbuild\\freebsd-arm64'
1759 silly reify ]
1760 verbose reify failed optional dependency C:\Users\aahme\OneDrive\Desktop\versions of clinic system\eyeDemo\frontend\node_modules\@esbuild\darwin-x64
1761 silly reify mark deleted [
1761 silly reify   'C:\\Users\\aahme\\OneDrive\\Desktop\\versions of clinic system\\eyeDemo\\frontend\\node_modules\\@esbuild\\darwin-x64'
1761 silly reify ]
1762 verbose reify failed optional dependency C:\Users\aahme\OneDrive\Desktop\versions of clinic system\eyeDemo\frontend\node_modules\@esbuild\darwin-arm64
1763 silly reify mark deleted [
1763 silly reify   'C:\\Users\\aahme\\OneDrive\\Desktop\\versions of clinic system\\eyeDemo\\frontend\\node_modules\\@esbuild\\darwin-arm64'
1763 silly reify ]
1764 verbose reify failed optional dependency C:\Users\aahme\OneDrive\Desktop\versions of clinic system\eyeDemo\frontend\node_modules\@esbuild\android-x64
1765 silly reify mark deleted [
1765 silly reify   'C:\\Users\\aahme\\OneDrive\\Desktop\\versions of clinic system\\eyeDemo\\frontend\\node_modules\\@esbuild\\android-x64'
1765 silly reify ]
1766 verbose reify failed optional dependency C:\Users\aahme\OneDrive\Desktop\versions of clinic system\eyeDemo\frontend\node_modules\@esbuild\android-arm64
1767 silly reify mark deleted [
1767 silly reify   'C:\\Users\\aahme\\OneDrive\\Desktop\\versions of clinic system\\eyeDemo\\frontend\\node_modules\\@esbuild\\android-arm64'
1767 silly reify ]
1768 verbose reify failed optional dependency C:\Users\aahme\OneDrive\Desktop\versions of clinic system\eyeDemo\frontend\node_modules\@esbuild\android-arm
1769 silly reify mark deleted [
1769 silly reify   'C:\\Users\\aahme\\OneDrive\\Desktop\\versions of clinic system\\eyeDemo\\frontend\\node_modules\\@esbuild\\android-arm'
1769 silly reify ]
1770 verbose reify failed optional dependency C:\Users\aahme\OneDrive\Desktop\versions of clinic system\eyeDemo\frontend\node_modules\@esbuild\aix-ppc64
1771 silly reify mark deleted [
1771 silly reify   'C:\\Users\\aahme\\OneDrive\\Desktop\\versions of clinic system\\eyeDemo\\frontend\\node_modules\\@esbuild\\aix-ppc64'
1771 silly reify ]
1772 http cache webidl-conversions@https://registry.npmjs.org/webidl-conversions/-/webidl-conversions-4.0.2.tgz 0ms (cache hit)
1773 http cache whatwg-url@https://registry.npmjs.org/whatwg-url/-/whatwg-url-7.1.0.tgz 0ms (cache hit)
1774 http cache tr46@https://registry.npmjs.org/tr46/-/tr46-1.0.1.tgz 0ms (cache hit)
1775 http cache fast-uri@https://registry.npmjs.org/fast-uri/-/fast-uri-3.1.0.tgz 0ms (cache hit)
1776 http cache leven@https://registry.npmjs.org/leven/-/leven-3.1.0.tgz 0ms (cache hit)
1777 http cache lodash.sortby@https://registry.npmjs.org/lodash.sortby/-/lodash.sortby-4.7.0.tgz 0ms (cache hit)
1778 http cache jsonpointer@https://registry.npmjs.org/jsonpointer/-/jsonpointer-5.0.1.tgz 0ms (cache hit)
1779 http cache require-from-string@https://registry.npmjs.org/require-from-string/-/require-from-string-2.0.2.tgz 0ms (cache hit)
1780 http cache @types/trusted-types@https://registry.npmjs.org/@types/trusted-types/-/trusted-types-2.0.7.tgz 0ms (cache hit)
1781 http cache json-schema@https://registry.npmjs.org/json-schema/-/json-schema-0.4.0.tgz 0ms (cache hit)
1782 http cache idb@https://registry.npmjs.org/idb/-/idb-7.1.1.tgz 0ms (cache hit)
1783 http cache is-weakset@https://registry.npmjs.org/is-weakset/-/is-weakset-2.0.4.tgz 0ms (cache hit)
1784 http cache is-map@https://registry.npmjs.org/is-map/-/is-map-2.0.3.tgz 0ms (cache hit)
1785 http cache generator-function@https://registry.npmjs.org/generator-function/-/generator-function-2.0.1.tgz 0ms (cache hit)
1786 http cache is-weakmap@https://registry.npmjs.org/is-weakmap/-/is-weakmap-2.0.2.tgz 0ms (cache hit)
1787 http cache which-collection@https://registry.npmjs.org/which-collection/-/which-collection-1.0.2.tgz 0ms (cache hit)
1788 http cache async-function@https://registry.npmjs.org/async-function/-/async-function-1.0.0.tgz 0ms (cache hit)
1789 http cache is-generator-function@https://registry.npmjs.org/is-generator-function/-/is-generator-function-1.1.2.tgz 0ms (cache hit)
1790 http cache is-finalizationregistry@https://registry.npmjs.org/is-finalizationregistry/-/is-finalizationregistry-1.1.1.tgz 0ms (cache hit)
1791 http cache is-number-object@https://registry.npmjs.org/is-number-object/-/is-number-object-1.1.1.tgz 0ms (cache hit)
1792 http cache is-async-function@https://registry.npmjs.org/is-async-function/-/is-async-function-2.1.1.tgz 0ms (cache hit)
1793 http cache is-bigint@https://registry.npmjs.org/is-bigint/-/is-bigint-1.1.0.tgz 0ms (cache hit)
1794 http cache is-boolean-object@https://registry.npmjs.org/is-boolean-object/-/is-boolean-object-1.2.2.tgz 0ms (cache hit)
1795 http cache crypto-random-string@https://registry.npmjs.org/crypto-random-string/-/crypto-random-string-2.0.0.tgz 0ms (cache hit)
1796 http cache unicode-property-aliases-ecmascript@https://registry.npmjs.org/unicode-property-aliases-ecmascript/-/unicode-property-aliases-ecmascript-2.2.0.tgz 0ms (cache hit)
1797 http cache unicode-canonical-property-names-ecmascript@https://registry.npmjs.org/unicode-canonical-property-names-ecmascript/-/unicode-canonical-property-names-ecmascript-2.0.1.tgz 0ms (cache hit)
1798 http cache which-boxed-primitive@https://registry.npmjs.org/which-boxed-primitive/-/which-boxed-primitive-1.1.1.tgz 0ms (cache hit)
1799 http cache has-bigints@https://registry.npmjs.org/has-bigints/-/has-bigints-1.1.0.tgz 0ms (cache hit)
1800 http cache which-builtin-type@https://registry.npmjs.org/which-builtin-type/-/which-builtin-type-1.2.1.tgz 0ms (cache hit)
1801 http cache for-each@https://registry.npmjs.org/for-each/-/for-each-0.3.5.tgz 0ms (cache hit)
1802 http cache reflect.getprototypeof@https://registry.npmjs.org/reflect.getprototypeof/-/reflect.getprototypeof-1.0.10.tgz 0ms (cache hit)
1803 http cache buffer-from@https://registry.npmjs.org/buffer-from/-/buffer-from-1.1.2.tgz 0ms (cache hit)
1804 http cache source-map-support@https://registry.npmjs.org/source-map-support/-/source-map-support-0.5.21.tgz 0ms (cache hit)
1805 http cache @jridgewell/source-map@https://registry.npmjs.org/@jridgewell/source-map/-/source-map-0.3.11.tgz 0ms (cache hit)
1806 http cache type-fest@https://registry.npmjs.org/type-fest/-/type-fest-0.16.0.tgz 0ms (cache hit)
1807 http cache unique-string@https://registry.npmjs.org/unique-string/-/unique-string-2.0.0.tgz 0ms (cache hit)
1808 http cache commander@https://registry.npmjs.org/commander/-/commander-2.20.3.tgz 0ms (cache hit)
1809 http cache temp-dir@https://registry.npmjs.org/temp-dir/-/temp-dir-2.0.0.tgz 0ms (cache hit)
1810 http cache is-stream@https://registry.npmjs.org/is-stream/-/is-stream-2.0.1.tgz 0ms (cache hit)
1811 http cache is-regexp@https://registry.npmjs.org/is-regexp/-/is-regexp-1.0.0.tgz 0ms (cache hit)
1812 http cache is-obj@https://registry.npmjs.org/is-obj/-/is-obj-1.0.1.tgz 0ms (cache hit)
1813 http cache get-own-enumerable-property-symbols@https://registry.npmjs.org/get-own-enumerable-property-symbols/-/get-own-enumerable-property-symbols-3.0.2.tgz 0ms (cache hit)
1814 http cache side-channel-map@https://registry.npmjs.org/side-channel-map/-/side-channel-map-1.0.1.tgz 0ms (cache hit)
1815 http cache side-channel-weakmap@https://registry.npmjs.org/side-channel-weakmap/-/side-channel-weakmap-1.0.2.tgz 0ms (cache hit)
1816 http cache side-channel-list@https://registry.npmjs.org/side-channel-list/-/side-channel-list-1.0.0.tgz 0ms (cache hit)
1817 http cache isarray@https://registry.npmjs.org/isarray/-/isarray-2.0.5.tgz 0ms (cache hit)
1818 http cache functions-have-names@https://registry.npmjs.org/functions-have-names/-/functions-have-names-1.2.3.tgz 0ms (cache hit)
1819 http cache is-symbol@https://registry.npmjs.org/is-symbol/-/is-symbol-1.1.1.tgz 0ms (cache hit)
1820 http cache is-date-object@https://registry.npmjs.org/is-date-object/-/is-date-object-1.1.0.tgz 0ms (cache hit)
1821 http cache possible-typed-array-names@https://registry.npmjs.org/possible-typed-array-names/-/possible-typed-array-names-1.1.0.tgz 0ms (cache hit)
1822 http cache which-typed-array@https://registry.npmjs.org/which-typed-array/-/which-typed-array-1.1.20.tgz 0ms (cache hit)
1823 http cache unbox-primitive@https://registry.npmjs.org/unbox-primitive/-/unbox-primitive-1.1.0.tgz 0ms (cache hit)
1824 http cache typed-array-length@https://registry.npmjs.org/typed-array-length/-/typed-array-length-1.0.7.tgz 0ms (cache hit)
1825 http cache typed-array-byte-length@https://registry.npmjs.org/typed-array-byte-length/-/typed-array-byte-length-1.0.3.tgz 0ms (cache hit)
1826 http cache typed-array-buffer@https://registry.npmjs.org/typed-array-buffer/-/typed-array-buffer-1.0.3.tgz 0ms (cache hit)
1827 http cache string.prototype.trimstart@https://registry.npmjs.org/string.prototype.trimstart/-/string.prototype.trimstart-1.0.8.tgz 0ms (cache hit)
1828 http cache string.prototype.trim@https://registry.npmjs.org/string.prototype.trim/-/string.prototype.trim-1.2.10.tgz 0ms (cache hit)
1829 http cache typed-array-byte-offset@https://registry.npmjs.org/typed-array-byte-offset/-/typed-array-byte-offset-1.0.4.tgz 0ms (cache hit)
1830 http cache stop-iteration-iterator@https://registry.npmjs.org/stop-iteration-iterator/-/stop-iteration-iterator-1.1.0.tgz 0ms (cache hit)
1831 http cache string.prototype.trimend@https://registry.npmjs.org/string.prototype.trimend/-/string.prototype.trimend-1.0.9.tgz 0ms (cache hit)
1832 http cache set-proto@https://registry.npmjs.org/set-proto/-/set-proto-1.0.0.tgz 0ms (cache hit)
1833 http cache safe-regex-test@https://registry.npmjs.org/safe-regex-test/-/safe-regex-test-1.1.0.tgz 0ms (cache hit)
1834 http cache safe-push-apply@https://registry.npmjs.org/safe-push-apply/-/safe-push-apply-1.0.0.tgz 0ms (cache hit)
1835 http cache safe-array-concat@https://registry.npmjs.org/safe-array-concat/-/safe-array-concat-1.1.3.tgz 0ms (cache hit)
1836 http cache own-keys@https://registry.npmjs.org/own-keys/-/own-keys-1.0.1.tgz 0ms (cache hit)
1837 http cache object-inspect@https://registry.npmjs.org/object-inspect/-/object-inspect-1.13.4.tgz 0ms (cache hit)
1838 http cache is-weakref@https://registry.npmjs.org/is-weakref/-/is-weakref-1.1.1.tgz 0ms (cache hit)
1839 http cache is-typed-array@https://registry.npmjs.org/is-typed-array/-/is-typed-array-1.1.15.tgz 0ms (cache hit)
1840 http cache object.assign@https://registry.npmjs.org/object.assign/-/object.assign-4.1.7.tgz 0ms (cache hit)
1841 http cache is-string@https://registry.npmjs.org/is-string/-/is-string-1.1.1.tgz 0ms (cache hit)
1842 http cache is-shared-array-buffer@https://registry.npmjs.org/is-shared-array-buffer/-/is-shared-array-buffer-1.0.4.tgz 0ms (cache hit)
1843 http cache is-set@https://registry.npmjs.org/is-set/-/is-set-2.0.3.tgz 0ms (cache hit)
1844 http cache is-regex@https://registry.npmjs.org/is-regex/-/is-regex-1.2.1.tgz 0ms (cache hit)
1845 http cache is-negative-zero@https://registry.npmjs.org/is-negative-zero/-/is-negative-zero-2.0.3.tgz 0ms (cache hit)
1846 http cache is-data-view@https://registry.npmjs.org/is-data-view/-/is-data-view-1.0.2.tgz 0ms (cache hit)
1847 http cache is-callable@https://registry.npmjs.org/is-callable/-/is-callable-1.2.7.tgz 0ms (cache hit)
1848 http cache is-array-buffer@https://registry.npmjs.org/is-array-buffer/-/is-array-buffer-3.0.5.tgz 0ms (cache hit)
1849 http cache has-proto@https://registry.npmjs.org/has-proto/-/has-proto-1.2.0.tgz 0ms (cache hit)
1850 http cache get-symbol-description@https://registry.npmjs.org/get-symbol-description/-/get-symbol-description-1.1.0.tgz 0ms (cache hit)
1851 http cache function.prototype.name@https://registry.npmjs.org/function.prototype.name/-/function.prototype.name-1.1.8.tgz 0ms (cache hit)
1852 http cache globalthis@https://registry.npmjs.org/globalthis/-/globalthis-1.0.4.tgz 0ms (cache hit)
1853 http cache es-to-primitive@https://registry.npmjs.org/es-to-primitive/-/es-to-primitive-1.3.0.tgz 0ms (cache hit)
1854 http cache data-view-byte-offset@https://registry.npmjs.org/data-view-byte-offset/-/data-view-byte-offset-1.0.1.tgz 0ms (cache hit)
1855 http cache data-view-byte-length@https://registry.npmjs.org/data-view-byte-length/-/data-view-byte-length-1.0.2.tgz 0ms (cache hit)
1856 http cache data-view-buffer@https://registry.npmjs.org/data-view-buffer/-/data-view-buffer-1.0.2.tgz 0ms (cache hit)
1857 http cache available-typed-arrays@https://registry.npmjs.org/available-typed-arrays/-/available-typed-arrays-1.0.7.tgz 0ms (cache hit)
1858 http cache arraybuffer.prototype.slice@https://registry.npmjs.org/arraybuffer.prototype.slice/-/arraybuffer.prototype.slice-1.0.4.tgz 0ms (cache hit)
1859 http cache array-buffer-byte-length@https://registry.npmjs.org/array-buffer-byte-length/-/array-buffer-byte-length-1.0.2.tgz 0ms (cache hit)
1860 http cache object-keys@https://registry.npmjs.org/object-keys/-/object-keys-1.1.1.tgz 0ms (cache hit)
1861 http cache has-property-descriptors@https://registry.npmjs.org/has-property-descriptors/-/has-property-descriptors-1.0.2.tgz 0ms (cache hit)
1862 http cache set-function-length@https://registry.npmjs.org/set-function-length/-/set-function-length-1.2.2.tgz 0ms (cache hit)
1863 http cache side-channel@https://registry.npmjs.org/side-channel/-/side-channel-1.1.0.tgz 0ms (cache hit)
1864 http cache define-data-property@https://registry.npmjs.org/define-data-property/-/define-data-property-1.1.4.tgz 0ms (cache hit)
1865 http cache set-function-name@https://registry.npmjs.org/set-function-name/-/set-function-name-2.0.2.tgz 0ms (cache hit)
1866 http cache regexp.prototype.flags@https://registry.npmjs.org/regexp.prototype.flags/-/regexp.prototype.flags-1.5.4.tgz 0ms (cache hit)
1867 http cache internal-slot@https://registry.npmjs.org/internal-slot/-/internal-slot-1.1.0.tgz 0ms (cache hit)
1868 http cache es-abstract@https://registry.npmjs.org/es-abstract/-/es-abstract-1.24.1.tgz 0ms (cache hit)
1869 http cache define-properties@https://registry.npmjs.org/define-properties/-/define-properties-1.2.1.tgz 0ms (cache hit)
1870 http cache call-bound@https://registry.npmjs.org/call-bound/-/call-bound-1.0.4.tgz 0ms (cache hit)
1871 http cache call-bind@https://registry.npmjs.org/call-bind/-/call-bind-1.0.8.tgz 0ms (cache hit)
1872 http cache safe-buffer@https://registry.npmjs.org/safe-buffer/-/safe-buffer-5.2.1.tgz 0ms (cache hit)
1873 http cache randombytes@https://registry.npmjs.org/randombytes/-/randombytes-2.1.0.tgz 0ms (cache hit)
1874 http cache unicode-match-property-value-ecmascript@https://registry.npmjs.org/unicode-match-property-value-ecmascript/-/unicode-match-property-value-ecmascript-2.2.1.tgz 0ms (cache hit)
1875 http cache unicode-match-property-ecmascript@https://registry.npmjs.org/unicode-match-property-ecmascript/-/unicode-match-property-ecmascript-2.0.0.tgz 0ms (cache hit)
1876 http cache regjsparser@https://registry.npmjs.org/regjsparser/-/regjsparser-0.13.0.tgz 0ms (cache hit)
1877 http cache regjsgen@https://registry.npmjs.org/regjsgen/-/regjsgen-0.8.0.tgz 0ms (cache hit)
1878 http cache regenerate@https://registry.npmjs.org/regenerate/-/regenerate-1.4.2.tgz 0ms (cache hit)
1879 http cache regenerate-unicode-properties@https://registry.npmjs.org/regenerate-unicode-properties/-/regenerate-unicode-properties-10.2.2.tgz 0ms (cache hit)
1880 http cache @isaacs/cliui@https://registry.npmjs.org/@isaacs/cliui/-/cliui-9.0.0.tgz 0ms (cache hit)
1881 http cache sourcemap-codec@https://registry.npmjs.org/sourcemap-codec/-/sourcemap-codec-1.4.8.tgz 0ms (cache hit)
1882 http cache filelist@https://registry.npmjs.org/filelist/-/filelist-1.0.6.tgz 0ms (cache hit)
1883 http cache async@https://registry.npmjs.org/async/-/async-3.2.6.tgz 0ms (cache hit)
1884 http cache signal-exit@https://registry.npmjs.org/signal-exit/-/signal-exit-4.1.0.tgz 0ms (cache hit)
1885 http cache package-json-from-dist@https://registry.npmjs.org/package-json-from-dist/-/package-json-from-dist-1.0.1.tgz 0ms (cache hit)
1886 http cache minipass@https://registry.npmjs.org/minipass/-/minipass-7.1.3.tgz 0ms (cache hit)
1887 http cache path-scurry@https://registry.npmjs.org/path-scurry/-/path-scurry-2.0.2.tgz 0ms (cache hit)
1888 http cache jackspeak@https://registry.npmjs.org/jackspeak/-/jackspeak-4.2.3.tgz 0ms (cache hit)
1889 http cache jsonfile@https://registry.npmjs.org/jsonfile/-/jsonfile-6.2.0.tgz 0ms (cache hit)
1890 http cache foreground-child@https://registry.npmjs.org/foreground-child/-/foreground-child-3.3.1.tgz 0ms (cache hit)
1891 http cache graceful-fs@https://registry.npmjs.org/graceful-fs/-/graceful-fs-4.2.11.tgz 0ms (cache hit)
1892 http cache universalify@https://registry.npmjs.org/universalify/-/universalify-2.0.1.tgz 0ms (cache hit)
1893 http cache @babel/helper-define-polyfill-provider@https://registry.npmjs.org/@babel/helper-define-polyfill-provider/-/helper-define-polyfill-provider-0.6.7.tgz 0ms (cache hit)
1894 http cache lodash.debounce@https://registry.npmjs.org/lodash.debounce/-/lodash.debounce-4.0.8.tgz 0ms (cache hit)
1895 http cache jake@https://registry.npmjs.org/jake/-/jake-10.9.4.tgz 0ms (cache hit)
1896 http cache at-least-node@https://registry.npmjs.org/at-least-node/-/at-least-node-1.0.0.tgz 0ms (cache hit)
1897 http cache string.prototype.matchall@https://registry.npmjs.org/string.prototype.matchall/-/string.prototype.matchall-4.0.12.tgz 0ms (cache hit)
1898 http cache ejs@https://registry.npmjs.org/ejs/-/ejs-3.1.10.tgz 0ms (cache hit)
1899 http cache estree-walker@https://registry.npmjs.org/estree-walker/-/estree-walker-2.0.2.tgz 0ms (cache hit)
1900 http cache magic-string@https://registry.npmjs.org/magic-string/-/magic-string-0.25.9.tgz 0ms (cache hit)
1901 http cache terser@https://registry.npmjs.org/terser/-/terser-5.46.0.tgz 0ms (cache hit)
1902 http cache is-module@https://registry.npmjs.org/is-module/-/is-module-1.0.0.tgz 0ms (cache hit)
1903 http cache serialize-javascript@https://registry.npmjs.org/serialize-javascript/-/serialize-javascript-6.0.2.tgz 0ms (cache hit)
1904 http cache @types/resolve@https://registry.npmjs.org/@types/resolve/-/resolve-1.20.2.tgz 0ms (cache hit)
1905 http cache smob@https://registry.npmjs.org/smob/-/smob-1.6.1.tgz 0ms (cache hit)
1906 http cache deepmerge@https://registry.npmjs.org/deepmerge/-/deepmerge-4.3.1.tgz 0ms (cache hit)
1907 http cache @rollup/pluginutils@https://registry.npmjs.org/@rollup/pluginutils/-/pluginutils-5.3.0.tgz 0ms (cache hit)
1908 http cache @babel/helper-replace-supers@https://registry.npmjs.org/@babel/helper-replace-supers/-/helper-replace-supers-7.28.6.tgz 0ms (cache hit)
1909 http cache @babel/helper-optimise-call-expression@https://registry.npmjs.org/@babel/helper-optimise-call-expression/-/helper-optimise-call-expression-7.27.1.tgz 0ms (cache hit)
1910 http cache @babel/helper-wrap-function@https://registry.npmjs.org/@babel/helper-wrap-function/-/helper-wrap-function-7.28.6.tgz 0ms (cache hit)
1911 http cache @babel/helper-member-expression-to-functions@https://registry.npmjs.org/@babel/helper-member-expression-to-functions/-/helper-member-expression-to-functions-7.28.5.tgz 0ms (cache hit)
1912 http cache regexpu-core@https://registry.npmjs.org/regexpu-core/-/regexpu-core-6.4.0.tgz 0ms (cache hit)
1913 http cache @babel/helper-create-class-features-plugin@https://registry.npmjs.org/@babel/helper-create-class-features-plugin/-/helper-create-class-features-plugin-7.28.6.tgz 0ms (cache hit)
1914 http cache @babel/helper-remap-async-to-generator@https://registry.npmjs.org/@babel/helper-remap-async-to-generator/-/helper-remap-async-to-generator-7.27.1.tgz 0ms (cache hit)
1915 http cache babel-plugin-polyfill-regenerator@https://registry.npmjs.org/babel-plugin-polyfill-regenerator/-/babel-plugin-polyfill-regenerator-0.6.7.tgz 0ms (cache hit)
1916 http cache @babel/helper-annotate-as-pure@https://registry.npmjs.org/@babel/helper-annotate-as-pure/-/helper-annotate-as-pure-7.27.3.tgz 0ms (cache hit)
1917 http cache @babel/helper-create-regexp-features-plugin@https://registry.npmjs.org/@babel/helper-create-regexp-features-plugin/-/helper-create-regexp-features-plugin-7.28.5.tgz 0ms (cache hit)
1918 http cache @babel/preset-modules@https://registry.npmjs.org/@babel/preset-modules/-/preset-modules-0.1.6-no-external-plugins.tgz 0ms (cache hit)
1919 http cache @babel/helper-skip-transparent-expression-wrappers@https://registry.npmjs.org/@babel/helper-skip-transparent-expression-wrappers/-/helper-skip-transparent-expression-wrappers-7.27.1.tgz 0ms (cache hit)
1920 http cache @babel/plugin-transform-unicode-sets-regex@https://registry.npmjs.org/@babel/plugin-transform-unicode-sets-regex/-/plugin-transform-unicode-sets-regex-7.28.6.tgz 0ms (cache hit)
1921 http cache core-js-compat@https://registry.npmjs.org/core-js-compat/-/core-js-compat-3.48.0.tgz 0ms (cache hit)
1922 http cache babel-plugin-polyfill-corejs3@https://registry.npmjs.org/babel-plugin-polyfill-corejs3/-/babel-plugin-polyfill-corejs3-0.14.1.tgz 0ms (cache hit)
1923 http cache @babel/plugin-transform-unicode-regex@https://registry.npmjs.org/@babel/plugin-transform-unicode-regex/-/plugin-transform-unicode-regex-7.27.1.tgz 0ms (cache hit)
1924 http cache babel-plugin-polyfill-corejs2@https://registry.npmjs.org/babel-plugin-polyfill-corejs2/-/babel-plugin-polyfill-corejs2-0.4.16.tgz 0ms (cache hit)
1925 http cache @babel/plugin-transform-unicode-property-regex@https://registry.npmjs.org/@babel/plugin-transform-unicode-property-regex/-/plugin-transform-unicode-property-regex-7.28.6.tgz 0ms (cache hit)
1926 http cache @babel/plugin-transform-unicode-escapes@https://registry.npmjs.org/@babel/plugin-transform-unicode-escapes/-/plugin-transform-unicode-escapes-7.27.1.tgz 0ms (cache hit)
1927 http cache @babel/plugin-transform-typeof-symbol@https://registry.npmjs.org/@babel/plugin-transform-typeof-symbol/-/plugin-transform-typeof-symbol-7.27.1.tgz 0ms (cache hit)
1928 http cache @babel/plugin-transform-template-literals@https://registry.npmjs.org/@babel/plugin-transform-template-literals/-/plugin-transform-template-literals-7.27.1.tgz 0ms (cache hit)
1929 http cache @babel/plugin-transform-sticky-regex@https://registry.npmjs.org/@babel/plugin-transform-sticky-regex/-/plugin-transform-sticky-regex-7.27.1.tgz 0ms (cache hit)
1930 http cache @babel/plugin-transform-spread@https://registry.npmjs.org/@babel/plugin-transform-spread/-/plugin-transform-spread-7.28.6.tgz 0ms (cache hit)
1931 http cache @babel/plugin-transform-shorthand-properties@https://registry.npmjs.org/@babel/plugin-transform-shorthand-properties/-/plugin-transform-shorthand-properties-7.27.1.tgz 0ms (cache hit)
1932 http cache @babel/plugin-transform-reserved-words@https://registry.npmjs.org/@babel/plugin-transform-reserved-words/-/plugin-transform-reserved-words-7.27.1.tgz 0ms (cache hit)
1933 http cache @babel/plugin-transform-regexp-modifiers@https://registry.npmjs.org/@babel/plugin-transform-regexp-modifiers/-/plugin-transform-regexp-modifiers-7.28.6.tgz 0ms (cache hit)
1934 http cache @babel/plugin-transform-regenerator@https://registry.npmjs.org/@babel/plugin-transform-regenerator/-/plugin-transform-regenerator-7.29.0.tgz 0ms (cache hit)
1935 http cache @babel/plugin-transform-property-literals@https://registry.npmjs.org/@babel/plugin-transform-property-literals/-/plugin-transform-property-literals-7.27.1.tgz 0ms (cache hit)
1936 http cache @babel/plugin-transform-private-methods@https://registry.npmjs.org/@babel/plugin-transform-private-methods/-/plugin-transform-private-methods-7.28.6.tgz 0ms (cache hit)
1937 http cache @babel/plugin-transform-private-property-in-object@https://registry.npmjs.org/@babel/plugin-transform-private-property-in-object/-/plugin-transform-private-property-in-object-7.28.6.tgz 0ms (cache hit)
1938 http cache @babel/plugin-transform-optional-chaining@https://registry.npmjs.org/@babel/plugin-transform-optional-chaining/-/plugin-transform-optional-chaining-7.28.6.tgz 0ms (cache hit)
1939 http cache @babel/plugin-transform-optional-catch-binding@https://registry.npmjs.org/@babel/plugin-transform-optional-catch-binding/-/plugin-transform-optional-catch-binding-7.28.6.tgz 0ms (cache hit)
1940 http cache @babel/plugin-transform-object-super@https://registry.npmjs.org/@babel/plugin-transform-object-super/-/plugin-transform-object-super-7.27.1.tgz 0ms (cache hit)
1941 http cache @babel/plugin-transform-object-rest-spread@https://registry.npmjs.org/@babel/plugin-transform-object-rest-spread/-/plugin-transform-object-rest-spread-7.28.6.tgz 0ms (cache hit)
1942 http cache @babel/plugin-transform-numeric-separator@https://registry.npmjs.org/@babel/plugin-transform-numeric-separator/-/plugin-transform-numeric-separator-7.28.6.tgz 0ms (cache hit)
1943 http cache @babel/plugin-transform-nullish-coalescing-operator@https://registry.npmjs.org/@babel/plugin-transform-nullish-coalescing-operator/-/plugin-transform-nullish-coalescing-operator-7.28.6.tgz 0ms (cache hit)
1944 http cache @babel/plugin-transform-new-target@https://registry.npmjs.org/@babel/plugin-transform-new-target/-/plugin-transform-new-target-7.27.1.tgz 0ms (cache hit)
1945 http cache @babel/plugin-transform-modules-umd@https://registry.npmjs.org/@babel/plugin-transform-modules-umd/-/plugin-transform-modules-umd-7.27.1.tgz 0ms (cache hit)
1946 http cache @babel/plugin-transform-named-capturing-groups-regex@https://registry.npmjs.org/@babel/plugin-transform-named-capturing-groups-regex/-/plugin-transform-named-capturing-groups-regex-7.29.0.tgz 0ms (cache hit)
1947 http cache @babel/plugin-transform-modules-systemjs@https://registry.npmjs.org/@babel/plugin-transform-modules-systemjs/-/plugin-transform-modules-systemjs-7.29.0.tgz 0ms (cache hit)
1948 http cache @babel/plugin-transform-modules-commonjs@https://registry.npmjs.org/@babel/plugin-transform-modules-commonjs/-/plugin-transform-modules-commonjs-7.28.6.tgz 0ms (cache hit)
1949 http cache @babel/plugin-transform-modules-amd@https://registry.npmjs.org/@babel/plugin-transform-modules-amd/-/plugin-transform-modules-amd-7.27.1.tgz 0ms (cache hit)
1950 http cache @babel/plugin-transform-member-expression-literals@https://registry.npmjs.org/@babel/plugin-transform-member-expression-literals/-/plugin-transform-member-expression-literals-7.27.1.tgz 0ms (cache hit)
1951 http cache @babel/plugin-transform-logical-assignment-operators@https://registry.npmjs.org/@babel/plugin-transform-logical-assignment-operators/-/plugin-transform-logical-assignment-operators-7.28.6.tgz 0ms (cache hit)
1952 http cache @babel/plugin-transform-json-strings@https://registry.npmjs.org/@babel/plugin-transform-json-strings/-/plugin-transform-json-strings-7.28.6.tgz 0ms (cache hit)
1953 http cache @babel/plugin-transform-parameters@https://registry.npmjs.org/@babel/plugin-transform-parameters/-/plugin-transform-parameters-7.27.7.tgz 0ms (cache hit)
1954 http cache @babel/plugin-transform-function-name@https://registry.npmjs.org/@babel/plugin-transform-function-name/-/plugin-transform-function-name-7.27.1.tgz 0ms (cache hit)
1955 http cache @babel/plugin-transform-for-of@https://registry.npmjs.org/@babel/plugin-transform-for-of/-/plugin-transform-for-of-7.27.1.tgz 0ms (cache hit)
1956 http cache @babel/plugin-transform-exponentiation-operator@https://registry.npmjs.org/@babel/plugin-transform-exponentiation-operator/-/plugin-transform-exponentiation-operator-7.28.6.tgz 0ms (cache hit)
1957 http cache @babel/plugin-transform-export-namespace-from@https://registry.npmjs.org/@babel/plugin-transform-export-namespace-from/-/plugin-transform-export-namespace-from-7.27.1.tgz 0ms (cache hit)
1958 http cache @babel/plugin-transform-explicit-resource-management@https://registry.npmjs.org/@babel/plugin-transform-explicit-resource-management/-/plugin-transform-explicit-resource-management-7.28.6.tgz 0ms (cache hit)
1959 http cache @babel/plugin-transform-dynamic-import@https://registry.npmjs.org/@babel/plugin-transform-dynamic-import/-/plugin-transform-dynamic-import-7.27.1.tgz 0ms (cache hit)
1960 http cache @babel/plugin-transform-duplicate-named-capturing-groups-regex@https://registry.npmjs.org/@babel/plugin-transform-duplicate-named-capturing-groups-regex/-/plugin-transform-duplicate-named-capturing-groups-regex-7.29.0.tgz 0ms (cache hit)
1961 http cache @babel/plugin-transform-duplicate-keys@https://registry.npmjs.org/@babel/plugin-transform-duplicate-keys/-/plugin-transform-duplicate-keys-7.27.1.tgz 0ms (cache hit)
1962 http cache @babel/plugin-transform-dotall-regex@https://registry.npmjs.org/@babel/plugin-transform-dotall-regex/-/plugin-transform-dotall-regex-7.28.6.tgz 0ms (cache hit)
1963 http cache @babel/plugin-transform-computed-properties@https://registry.npmjs.org/@babel/plugin-transform-computed-properties/-/plugin-transform-computed-properties-7.28.6.tgz 0ms (cache hit)
1964 http cache @babel/plugin-transform-destructuring@https://registry.npmjs.org/@babel/plugin-transform-destructuring/-/plugin-transform-destructuring-7.28.5.tgz 0ms (cache hit)
1965 http cache @babel/plugin-transform-classes@https://registry.npmjs.org/@babel/plugin-transform-classes/-/plugin-transform-classes-7.28.6.tgz 0ms (cache hit)
1966 http cache @babel/plugin-transform-class-static-block@https://registry.npmjs.org/@babel/plugin-transform-class-static-block/-/plugin-transform-class-static-block-7.28.6.tgz 0ms (cache hit)
1967 http cache @babel/plugin-transform-class-properties@https://registry.npmjs.org/@babel/plugin-transform-class-properties/-/plugin-transform-class-properties-7.28.6.tgz 0ms (cache hit)
1968 http cache @babel/plugin-transform-block-scoped-functions@https://registry.npmjs.org/@babel/plugin-transform-block-scoped-functions/-/plugin-transform-block-scoped-functions-7.27.1.tgz 0ms (cache hit)
1969 http cache @babel/plugin-transform-block-scoping@https://registry.npmjs.org/@babel/plugin-transform-block-scoping/-/plugin-transform-block-scoping-7.28.6.tgz 0ms (cache hit)
1970 http cache @babel/plugin-transform-async-to-generator@https://registry.npmjs.org/@babel/plugin-transform-async-to-generator/-/plugin-transform-async-to-generator-7.28.6.tgz 0ms (cache hit)
1971 http cache @babel/plugin-transform-async-generator-functions@https://registry.npmjs.org/@babel/plugin-transform-async-generator-functions/-/plugin-transform-async-generator-functions-7.29.0.tgz 0ms (cache hit)
1972 http cache @babel/plugin-transform-arrow-functions@https://registry.npmjs.org/@babel/plugin-transform-arrow-functions/-/plugin-transform-arrow-functions-7.27.1.tgz 0ms (cache hit)
1973 http cache @babel/plugin-syntax-unicode-sets-regex@https://registry.npmjs.org/@babel/plugin-syntax-unicode-sets-regex/-/plugin-syntax-unicode-sets-regex-7.18.6.tgz 0ms (cache hit)
1974 http cache @babel/plugin-syntax-import-attributes@https://registry.npmjs.org/@babel/plugin-syntax-import-attributes/-/plugin-syntax-import-attributes-7.28.6.tgz 0ms (cache hit)
1975 http cache @babel/plugin-syntax-import-assertions@https://registry.npmjs.org/@babel/plugin-syntax-import-assertions/-/plugin-syntax-import-assertions-7.28.6.tgz 0ms (cache hit)
1976 http cache @babel/plugin-proposal-private-property-in-object@https://registry.npmjs.org/@babel/plugin-proposal-private-property-in-object/-/plugin-proposal-private-property-in-object-7.21.0-placeholder-for-preset-env.2.tgz 0ms (cache hit)
1977 http cache @babel/plugin-bugfix-v8-static-class-fields-redefine-readonly@https://registry.npmjs.org/@babel/plugin-bugfix-v8-static-class-fields-redefine-readonly/-/plugin-bugfix-v8-static-class-fields-redefine-readonly-7.28.6.tgz 0ms (cache hit)
1978 http cache @babel/plugin-bugfix-v8-spread-parameters-in-optional-chaining@https://registry.npmjs.org/@babel/plugin-bugfix-v8-spread-parameters-in-optional-chaining/-/plugin-bugfix-v8-spread-parameters-in-optional-chaining-7.27.1.tgz 0ms (cache hit)
1979 http cache @babel/plugin-bugfix-safari-id-destructuring-collision-in-function-expression@https://registry.npmjs.org/@babel/plugin-bugfix-safari-id-destructuring-collision-in-function-expression/-/plugin-bugfix-safari-id-destructuring-collision-in-function-expression-7.27.1.tgz 0ms (cache hit)
1980 http cache workbox-sw@https://registry.npmjs.org/workbox-sw/-/workbox-sw-7.4.0.tgz 0ms (cache hit)
1981 http cache @babel/plugin-bugfix-safari-class-field-initializer-scope@https://registry.npmjs.org/@babel/plugin-bugfix-safari-class-field-initializer-scope/-/plugin-bugfix-safari-class-field-initializer-scope-7.27.1.tgz 0ms (cache hit)
1982 http cache workbox-streams@https://registry.npmjs.org/workbox-streams/-/workbox-streams-7.4.0.tgz 0ms (cache hit)
1983 http cache @babel/plugin-bugfix-firefox-class-in-computed-class-key@https://registry.npmjs.org/@babel/plugin-bugfix-firefox-class-in-computed-class-key/-/plugin-bugfix-firefox-class-in-computed-class-key-7.28.5.tgz 0ms (cache hit)
1984 http cache workbox-recipes@https://registry.npmjs.org/workbox-recipes/-/workbox-recipes-7.4.0.tgz 0ms (cache hit)
1985 http cache @babel/plugin-transform-literals@https://registry.npmjs.org/@babel/plugin-transform-literals/-/plugin-transform-literals-7.27.1.tgz 0ms (cache hit)
1986 http cache workbox-strategies@https://registry.npmjs.org/workbox-strategies/-/workbox-strategies-7.4.0.tgz 0ms (cache hit)
1987 http cache workbox-range-requests@https://registry.npmjs.org/workbox-range-requests/-/workbox-range-requests-7.4.0.tgz 0ms (cache hit)
1988 http cache workbox-precaching@https://registry.npmjs.org/workbox-precaching/-/workbox-precaching-7.4.0.tgz 0ms (cache hit)
1989 http cache workbox-navigation-preload@https://registry.npmjs.org/workbox-navigation-preload/-/workbox-navigation-preload-7.4.0.tgz 0ms (cache hit)
1990 http cache workbox-expiration@https://registry.npmjs.org/workbox-expiration/-/workbox-expiration-7.4.0.tgz 0ms (cache hit)
1991 http cache workbox-google-analytics@https://registry.npmjs.org/workbox-google-analytics/-/workbox-google-analytics-7.4.0.tgz 0ms (cache hit)
1992 http cache workbox-core@https://registry.npmjs.org/workbox-core/-/workbox-core-7.4.0.tgz 0ms (cache hit)
1993 http cache workbox-cacheable-response@https://registry.npmjs.org/workbox-cacheable-response/-/workbox-cacheable-response-7.4.0.tgz 0ms (cache hit)
1994 http cache workbox-broadcast-update@https://registry.npmjs.org/workbox-broadcast-update/-/workbox-broadcast-update-7.4.0.tgz 0ms (cache hit)
1995 http cache workbox-background-sync@https://registry.npmjs.org/workbox-background-sync/-/workbox-background-sync-7.4.0.tgz 0ms (cache hit)
1996 http cache upath@https://registry.npmjs.org/upath/-/upath-1.2.0.tgz 0ms (cache hit)
1997 http cache strip-comments@https://registry.npmjs.org/strip-comments/-/strip-comments-2.0.1.tgz 0ms (cache hit)
1998 http cache tempy@https://registry.npmjs.org/tempy/-/tempy-0.6.0.tgz 0ms (cache hit)
1999 http cache stringify-object@https://registry.npmjs.org/stringify-object/-/stringify-object-3.3.0.tgz 0ms (cache hit)
2000 http cache lodash@https://registry.npmjs.org/lodash/-/lodash-4.17.23.tgz 0ms (cache hit)
2001 http cache fs-extra@https://registry.npmjs.org/fs-extra/-/fs-extra-9.1.0.tgz 0ms (cache hit)
2002 http cache glob@https://registry.npmjs.org/glob/-/glob-11.1.0.tgz 0ms (cache hit)
2003 http cache @surma/rollup-plugin-off-main-thread@https://registry.npmjs.org/@surma/rollup-plugin-off-main-thread/-/rollup-plugin-off-main-thread-2.2.3.tgz 0ms (cache hit)
2004 http cache common-tags@https://registry.npmjs.org/common-tags/-/common-tags-1.8.2.tgz 0ms (cache hit)
2005 http cache @babel/preset-env@https://registry.npmjs.org/@babel/preset-env/-/preset-env-7.29.0.tgz 0ms (cache hit)
2006 http cache @rollup/plugin-terser@https://registry.npmjs.org/@rollup/plugin-terser/-/plugin-terser-0.4.4.tgz 0ms (cache hit)
2007 http cache @rollup/plugin-node-resolve@https://registry.npmjs.org/@rollup/plugin-node-resolve/-/plugin-node-resolve-15.3.1.tgz 0ms (cache hit)
2008 http cache workbox-window@https://registry.npmjs.org/workbox-window/-/workbox-window-7.4.0.tgz 0ms (cache hit)
2009 http cache pretty-bytes@https://registry.npmjs.org/pretty-bytes/-/pretty-bytes-6.1.1.tgz 0ms (cache hit)
2010 http cache @babel/types@https://registry.npmjs.org/@babel/types/-/types-7.29.0.tgz 0ms (cache hit)
2011 http cache workbox-build@https://registry.npmjs.org/workbox-build/-/workbox-build-7.4.0.tgz 0ms (cache hit)
2012 http cache vite-plugin-pwa@https://registry.npmjs.org/vite-plugin-pwa/-/vite-plugin-pwa-1.2.0.tgz 0ms (cache hit)
2013 http cache @babel/traverse@https://registry.npmjs.org/@babel/traverse/-/traverse-7.29.0.tgz 0ms (cache hit)
2014 http cache @babel/template@https://registry.npmjs.org/@babel/template/-/template-7.28.6.tgz 0ms (cache hit)
2015 http cache @babel/parser@https://registry.npmjs.org/@babel/parser/-/parser-7.29.0.tgz 0ms (cache hit)
2016 http cache @babel/helper-module-imports@https://registry.npmjs.org/@babel/helper-module-imports/-/helper-module-imports-7.28.6.tgz 0ms (cache hit)
2017 http cache @babel/helper-plugin-utils@https://registry.npmjs.org/@babel/helper-plugin-utils/-/helper-plugin-utils-7.28.6.tgz 0ms (cache hit)
2018 http cache @babel/helper-module-transforms@https://registry.npmjs.org/@babel/helper-module-transforms/-/helper-module-transforms-7.28.6.tgz 0ms (cache hit)
2019 http cache @babel/helper-compilation-targets@https://registry.npmjs.org/@babel/helper-compilation-targets/-/helper-compilation-targets-7.28.6.tgz 0ms (cache hit)
2020 http cache @babel/generator@https://registry.npmjs.org/@babel/generator/-/generator-7.29.1.tgz 0ms (cache hit)
2021 http cache @babel/compat-data@https://registry.npmjs.org/@babel/compat-data/-/compat-data-7.29.0.tgz 0ms (cache hit)
2022 http cache @babel/code-frame@https://registry.npmjs.org/@babel/code-frame/-/code-frame-7.29.0.tgz 0ms (cache hit)
2023 http cache lru-cache@https://registry.npmjs.org/lru-cache/-/lru-cache-11.2.6.tgz 0ms (cache hit)
2024 http cache brace-expansion@https://registry.npmjs.org/brace-expansion/-/brace-expansion-2.0.2.tgz 0ms (cache hit)
2025 http cache minimatch@https://registry.npmjs.org/minimatch/-/minimatch-5.1.9.tgz 0ms (cache hit)
2026 http cache source-map@https://registry.npmjs.org/source-map/-/source-map-0.6.1.tgz 0ms (cache hit)
2027 http cache json-schema-traverse@https://registry.npmjs.org/json-schema-traverse/-/json-schema-traverse-1.0.0.tgz 0ms (cache hit)
2028 http cache picomatch@https://registry.npmjs.org/picomatch/-/picomatch-2.3.1.tgz 0ms (cache hit)
2029 http cache balanced-match@https://registry.npmjs.org/balanced-match/-/balanced-match-4.0.4.tgz 0ms (cache hit)
2030 http cache brace-expansion@https://registry.npmjs.org/brace-expansion/-/brace-expansion-5.0.4.tgz 0ms (cache hit)
2031 http cache @types/estree@https://registry.npmjs.org/@types/estree/-/estree-0.0.39.tgz 0ms (cache hit)
2032 http cache minimatch@https://registry.npmjs.org/minimatch/-/minimatch-10.2.4.tgz 0ms (cache hit)
2033 http cache @rollup/pluginutils@https://registry.npmjs.org/@rollup/pluginutils/-/pluginutils-3.1.0.tgz 0ms (cache hit)
2034 http cache estree-walker@https://registry.npmjs.org/estree-walker/-/estree-walker-1.0.1.tgz 0ms (cache hit)
2035 http cache @rollup/plugin-replace@https://registry.npmjs.org/@rollup/plugin-replace/-/plugin-replace-2.4.2.tgz 0ms (cache hit)
2036 http cache @rollup/plugin-babel@https://registry.npmjs.org/@rollup/plugin-babel/-/plugin-babel-5.3.1.tgz 0ms (cache hit)
2037 http cache source-map@https://registry.npmjs.org/source-map/-/source-map-0.8.0-beta.0.tgz 0ms (cache hit)
2038 http cache @apideck/better-ajv-errors@https://registry.npmjs.org/@apideck/better-ajv-errors/-/better-ajv-errors-0.3.6.tgz 0ms (cache hit)
2039 http cache workbox-routing@https://registry.npmjs.org/workbox-routing/-/workbox-routing-7.4.0.tgz 0ms (cache hit)
2040 silly tarball no local data for webidl-conversions@https://registry.npmjs.org/webidl-conversions/-/webidl-conversions-4.0.2.tgz. Extracting by manifest.
2041 http cache pretty-bytes@https://registry.npmjs.org/pretty-bytes/-/pretty-bytes-5.6.0.tgz 0ms (cache hit)
2042 silly tarball no local data for whatwg-url@https://registry.npmjs.org/whatwg-url/-/whatwg-url-7.1.0.tgz. Extracting by manifest.
2043 silly tarball no local data for tr46@https://registry.npmjs.org/tr46/-/tr46-1.0.1.tgz. Extracting by manifest.
2044 silly tarball no local data for fast-uri@https://registry.npmjs.org/fast-uri/-/fast-uri-3.1.0.tgz. Extracting by manifest.
2045 silly tarball no local data for leven@https://registry.npmjs.org/leven/-/leven-3.1.0.tgz. Extracting by manifest.
2046 silly tarball no local data for lodash.sortby@https://registry.npmjs.org/lodash.sortby/-/lodash.sortby-4.7.0.tgz. Extracting by manifest.
2047 silly tarball no local data for jsonpointer@https://registry.npmjs.org/jsonpointer/-/jsonpointer-5.0.1.tgz. Extracting by manifest.
2048 silly tarball no local data for require-from-string@https://registry.npmjs.org/require-from-string/-/require-from-string-2.0.2.tgz. Extracting by manifest.
2049 silly tarball no local data for @types/trusted-types@https://registry.npmjs.org/@types/trusted-types/-/trusted-types-2.0.7.tgz. Extracting by manifest.
2050 silly tarball no local data for json-schema@https://registry.npmjs.org/json-schema/-/json-schema-0.4.0.tgz. Extracting by manifest.
2051 silly tarball no local data for idb@https://registry.npmjs.org/idb/-/idb-7.1.1.tgz. Extracting by manifest.
2052 silly tarball no local data for is-weakset@https://registry.npmjs.org/is-weakset/-/is-weakset-2.0.4.tgz. Extracting by manifest.
2053 http cache rollup@https://registry.npmjs.org/rollup/-/rollup-2.80.0.tgz 0ms (cache hit)
2054 silly tarball no local data for is-map@https://registry.npmjs.org/is-map/-/is-map-2.0.3.tgz. Extracting by manifest.
2055 silly tarball no local data for generator-function@https://registry.npmjs.org/generator-function/-/generator-function-2.0.1.tgz. Extracting by manifest.
2056 silly tarball no local data for is-weakmap@https://registry.npmjs.org/is-weakmap/-/is-weakmap-2.0.2.tgz. Extracting by manifest.
2057 silly tarball no local data for which-collection@https://registry.npmjs.org/which-collection/-/which-collection-1.0.2.tgz. Extracting by manifest.
2058 silly tarball no local data for async-function@https://registry.npmjs.org/async-function/-/async-function-1.0.0.tgz. Extracting by manifest.
2059 http cache ajv@https://registry.npmjs.org/ajv/-/ajv-8.18.0.tgz 0ms (cache hit)
2060 silly tarball no local data for is-generator-function@https://registry.npmjs.org/is-generator-function/-/is-generator-function-1.1.2.tgz. Extracting by manifest.
2061 silly tarball no local data for is-finalizationregistry@https://registry.npmjs.org/is-finalizationregistry/-/is-finalizationregistry-1.1.1.tgz. Extracting by manifest.
2062 silly tarball no local data for is-number-object@https://registry.npmjs.org/is-number-object/-/is-number-object-1.1.1.tgz. Extracting by manifest.
2063 silly tarball no local data for is-async-function@https://registry.npmjs.org/is-async-function/-/is-async-function-2.1.1.tgz. Extracting by manifest.
2064 silly tarball no local data for is-bigint@https://registry.npmjs.org/is-bigint/-/is-bigint-1.1.0.tgz. Extracting by manifest.
2065 silly tarball no local data for is-boolean-object@https://registry.npmjs.org/is-boolean-object/-/is-boolean-object-1.2.2.tgz. Extracting by manifest.
2066 silly tarball no local data for crypto-random-string@https://registry.npmjs.org/crypto-random-string/-/crypto-random-string-2.0.0.tgz. Extracting by manifest.
2067 silly tarball no local data for unicode-property-aliases-ecmascript@https://registry.npmjs.org/unicode-property-aliases-ecmascript/-/unicode-property-aliases-ecmascript-2.2.0.tgz. Extracting by manifest.
2068 silly tarball no local data for unicode-canonical-property-names-ecmascript@https://registry.npmjs.org/unicode-canonical-property-names-ecmascript/-/unicode-canonical-property-names-ecmascript-2.0.1.tgz. Extracting by manifest.
2069 silly tarball no local data for which-boxed-primitive@https://registry.npmjs.org/which-boxed-primitive/-/which-boxed-primitive-1.1.1.tgz. Extracting by manifest.
2070 silly tarball no local data for has-bigints@https://registry.npmjs.org/has-bigints/-/has-bigints-1.1.0.tgz. Extracting by manifest.
2071 silly tarball no local data for which-builtin-type@https://registry.npmjs.org/which-builtin-type/-/which-builtin-type-1.2.1.tgz. Extracting by manifest.
2072 silly tarball no local data for for-each@https://registry.npmjs.org/for-each/-/for-each-0.3.5.tgz. Extracting by manifest.
2073 silly tarball no local data for reflect.getprototypeof@https://registry.npmjs.org/reflect.getprototypeof/-/reflect.getprototypeof-1.0.10.tgz. Extracting by manifest.
2074 silly tarball no local data for buffer-from@https://registry.npmjs.org/buffer-from/-/buffer-from-1.1.2.tgz. Extracting by manifest.
2075 silly tarball no local data for source-map-support@https://registry.npmjs.org/source-map-support/-/source-map-support-0.5.21.tgz. Extracting by manifest.
2076 silly tarball no local data for @jridgewell/source-map@https://registry.npmjs.org/@jridgewell/source-map/-/source-map-0.3.11.tgz. Extracting by manifest.
2077 silly tarball no local data for type-fest@https://registry.npmjs.org/type-fest/-/type-fest-0.16.0.tgz. Extracting by manifest.
2078 silly tarball no local data for unique-string@https://registry.npmjs.org/unique-string/-/unique-string-2.0.0.tgz. Extracting by manifest.
2079 silly tarball no local data for commander@https://registry.npmjs.org/commander/-/commander-2.20.3.tgz. Extracting by manifest.
2080 silly tarball no local data for temp-dir@https://registry.npmjs.org/temp-dir/-/temp-dir-2.0.0.tgz. Extracting by manifest.
2081 silly tarball no local data for is-stream@https://registry.npmjs.org/is-stream/-/is-stream-2.0.1.tgz. Extracting by manifest.
2082 silly tarball no local data for is-regexp@https://registry.npmjs.org/is-regexp/-/is-regexp-1.0.0.tgz. Extracting by manifest.
2083 silly tarball no local data for is-obj@https://registry.npmjs.org/is-obj/-/is-obj-1.0.1.tgz. Extracting by manifest.
2084 silly tarball no local data for get-own-enumerable-property-symbols@https://registry.npmjs.org/get-own-enumerable-property-symbols/-/get-own-enumerable-property-symbols-3.0.2.tgz. Extracting by manifest.
2085 silly tarball no local data for side-channel-map@https://registry.npmjs.org/side-channel-map/-/side-channel-map-1.0.1.tgz. Extracting by manifest.
2086 silly tarball no local data for side-channel-weakmap@https://registry.npmjs.org/side-channel-weakmap/-/side-channel-weakmap-1.0.2.tgz. Extracting by manifest.
2087 silly tarball no local data for side-channel-list@https://registry.npmjs.org/side-channel-list/-/side-channel-list-1.0.0.tgz. Extracting by manifest.
2088 silly tarball no local data for isarray@https://registry.npmjs.org/isarray/-/isarray-2.0.5.tgz. Extracting by manifest.
2089 silly tarball no local data for is-symbol@https://registry.npmjs.org/is-symbol/-/is-symbol-1.1.1.tgz. Extracting by manifest.
2090 silly tarball no local data for functions-have-names@https://registry.npmjs.org/functions-have-names/-/functions-have-names-1.2.3.tgz. Extracting by manifest.
2091 silly tarball no local data for is-date-object@https://registry.npmjs.org/is-date-object/-/is-date-object-1.1.0.tgz. Extracting by manifest.
2092 silly tarball no local data for possible-typed-array-names@https://registry.npmjs.org/possible-typed-array-names/-/possible-typed-array-names-1.1.0.tgz. Extracting by manifest.
2093 silly tarball no local data for which-typed-array@https://registry.npmjs.org/which-typed-array/-/which-typed-array-1.1.20.tgz. Extracting by manifest.
2094 silly tarball no local data for unbox-primitive@https://registry.npmjs.org/unbox-primitive/-/unbox-primitive-1.1.0.tgz. Extracting by manifest.
2095 silly tarball no local data for typed-array-length@https://registry.npmjs.org/typed-array-length/-/typed-array-length-1.0.7.tgz. Extracting by manifest.
2096 silly tarball no local data for typed-array-byte-length@https://registry.npmjs.org/typed-array-byte-length/-/typed-array-byte-length-1.0.3.tgz. Extracting by manifest.
2097 silly tarball no local data for typed-array-buffer@https://registry.npmjs.org/typed-array-buffer/-/typed-array-buffer-1.0.3.tgz. Extracting by manifest.
2098 silly tarball no local data for string.prototype.trimstart@https://registry.npmjs.org/string.prototype.trimstart/-/string.prototype.trimstart-1.0.8.tgz. Extracting by manifest.
2099 silly tarball no local data for string.prototype.trim@https://registry.npmjs.org/string.prototype.trim/-/string.prototype.trim-1.2.10.tgz. Extracting by manifest.
2100 silly tarball no local data for typed-array-byte-offset@https://registry.npmjs.org/typed-array-byte-offset/-/typed-array-byte-offset-1.0.4.tgz. Extracting by manifest.
2101 silly tarball no local data for stop-iteration-iterator@https://registry.npmjs.org/stop-iteration-iterator/-/stop-iteration-iterator-1.1.0.tgz. Extracting by manifest.
2102 silly tarball no local data for string.prototype.trimend@https://registry.npmjs.org/string.prototype.trimend/-/string.prototype.trimend-1.0.9.tgz. Extracting by manifest.
2103 silly tarball no local data for set-proto@https://registry.npmjs.org/set-proto/-/set-proto-1.0.0.tgz. Extracting by manifest.
2104 silly tarball no local data for safe-regex-test@https://registry.npmjs.org/safe-regex-test/-/safe-regex-test-1.1.0.tgz. Extracting by manifest.
2105 silly tarball no local data for safe-push-apply@https://registry.npmjs.org/safe-push-apply/-/safe-push-apply-1.0.0.tgz. Extracting by manifest.
2106 silly tarball no local data for safe-array-concat@https://registry.npmjs.org/safe-array-concat/-/safe-array-concat-1.1.3.tgz. Extracting by manifest.
2107 silly tarball no local data for own-keys@https://registry.npmjs.org/own-keys/-/own-keys-1.0.1.tgz. Extracting by manifest.
2108 silly tarball no local data for object-inspect@https://registry.npmjs.org/object-inspect/-/object-inspect-1.13.4.tgz. Extracting by manifest.
2109 silly tarball no local data for is-weakref@https://registry.npmjs.org/is-weakref/-/is-weakref-1.1.1.tgz. Extracting by manifest.
2110 silly tarball no local data for is-typed-array@https://registry.npmjs.org/is-typed-array/-/is-typed-array-1.1.15.tgz. Extracting by manifest.
2111 silly tarball no local data for object.assign@https://registry.npmjs.org/object.assign/-/object.assign-4.1.7.tgz. Extracting by manifest.
2112 silly tarball no local data for is-string@https://registry.npmjs.org/is-string/-/is-string-1.1.1.tgz. Extracting by manifest.
2113 silly tarball no local data for is-shared-array-buffer@https://registry.npmjs.org/is-shared-array-buffer/-/is-shared-array-buffer-1.0.4.tgz. Extracting by manifest.
2114 silly tarball no local data for is-set@https://registry.npmjs.org/is-set/-/is-set-2.0.3.tgz. Extracting by manifest.
2115 silly tarball no local data for is-regex@https://registry.npmjs.org/is-regex/-/is-regex-1.2.1.tgz. Extracting by manifest.
2116 silly tarball no local data for is-negative-zero@https://registry.npmjs.org/is-negative-zero/-/is-negative-zero-2.0.3.tgz. Extracting by manifest.
2117 silly tarball no local data for is-data-view@https://registry.npmjs.org/is-data-view/-/is-data-view-1.0.2.tgz. Extracting by manifest.
2118 silly tarball no local data for is-callable@https://registry.npmjs.org/is-callable/-/is-callable-1.2.7.tgz. Extracting by manifest.
2119 silly tarball no local data for is-array-buffer@https://registry.npmjs.org/is-array-buffer/-/is-array-buffer-3.0.5.tgz. Extracting by manifest.
2120 silly tarball no local data for has-proto@https://registry.npmjs.org/has-proto/-/has-proto-1.2.0.tgz. Extracting by manifest.
2121 silly tarball no local data for get-symbol-description@https://registry.npmjs.org/get-symbol-description/-/get-symbol-description-1.1.0.tgz. Extracting by manifest.
2122 silly tarball no local data for function.prototype.name@https://registry.npmjs.org/function.prototype.name/-/function.prototype.name-1.1.8.tgz. Extracting by manifest.
2123 silly tarball no local data for globalthis@https://registry.npmjs.org/globalthis/-/globalthis-1.0.4.tgz. Extracting by manifest.
2124 silly tarball no local data for es-to-primitive@https://registry.npmjs.org/es-to-primitive/-/es-to-primitive-1.3.0.tgz. Extracting by manifest.
2125 silly tarball no local data for data-view-byte-length@https://registry.npmjs.org/data-view-byte-length/-/data-view-byte-length-1.0.2.tgz. Extracting by manifest.
2126 silly tarball no local data for data-view-byte-offset@https://registry.npmjs.org/data-view-byte-offset/-/data-view-byte-offset-1.0.1.tgz. Extracting by manifest.
2127 silly tarball no local data for data-view-buffer@https://registry.npmjs.org/data-view-buffer/-/data-view-buffer-1.0.2.tgz. Extracting by manifest.
2128 silly tarball no local data for available-typed-arrays@https://registry.npmjs.org/available-typed-arrays/-/available-typed-arrays-1.0.7.tgz. Extracting by manifest.
2129 silly tarball no local data for arraybuffer.prototype.slice@https://registry.npmjs.org/arraybuffer.prototype.slice/-/arraybuffer.prototype.slice-1.0.4.tgz. Extracting by manifest.
2130 silly tarball no local data for array-buffer-byte-length@https://registry.npmjs.org/array-buffer-byte-length/-/array-buffer-byte-length-1.0.2.tgz. Extracting by manifest.
2131 silly tarball no local data for object-keys@https://registry.npmjs.org/object-keys/-/object-keys-1.1.1.tgz. Extracting by manifest.
2132 silly tarball no local data for has-property-descriptors@https://registry.npmjs.org/has-property-descriptors/-/has-property-descriptors-1.0.2.tgz. Extracting by manifest.
2133 silly tarball no local data for set-function-length@https://registry.npmjs.org/set-function-length/-/set-function-length-1.2.2.tgz. Extracting by manifest.
2134 silly tarball no local data for side-channel@https://registry.npmjs.org/side-channel/-/side-channel-1.1.0.tgz. Extracting by manifest.
2135 silly tarball no local data for define-data-property@https://registry.npmjs.org/define-data-property/-/define-data-property-1.1.4.tgz. Extracting by manifest.
2136 silly tarball no local data for set-function-name@https://registry.npmjs.org/set-function-name/-/set-function-name-2.0.2.tgz. Extracting by manifest.
2137 silly tarball no local data for regexp.prototype.flags@https://registry.npmjs.org/regexp.prototype.flags/-/regexp.prototype.flags-1.5.4.tgz. Extracting by manifest.
2138 silly tarball no local data for internal-slot@https://registry.npmjs.org/internal-slot/-/internal-slot-1.1.0.tgz. Extracting by manifest.
2139 silly tarball no local data for es-abstract@https://registry.npmjs.org/es-abstract/-/es-abstract-1.24.1.tgz. Extracting by manifest.
2140 silly tarball no local data for define-properties@https://registry.npmjs.org/define-properties/-/define-properties-1.2.1.tgz. Extracting by manifest.
2141 silly tarball no local data for call-bound@https://registry.npmjs.org/call-bound/-/call-bound-1.0.4.tgz. Extracting by manifest.
2142 silly tarball no local data for call-bind@https://registry.npmjs.org/call-bind/-/call-bind-1.0.8.tgz. Extracting by manifest.
2143 silly tarball no local data for safe-buffer@https://registry.npmjs.org/safe-buffer/-/safe-buffer-5.2.1.tgz. Extracting by manifest.
2144 silly tarball no local data for randombytes@https://registry.npmjs.org/randombytes/-/randombytes-2.1.0.tgz. Extracting by manifest.
2145 silly tarball no local data for unicode-match-property-value-ecmascript@https://registry.npmjs.org/unicode-match-property-value-ecmascript/-/unicode-match-property-value-ecmascript-2.2.1.tgz. Extracting by manifest.
2146 silly tarball no local data for unicode-match-property-ecmascript@https://registry.npmjs.org/unicode-match-property-ecmascript/-/unicode-match-property-ecmascript-2.0.0.tgz. Extracting by manifest.
2147 silly tarball no local data for regjsparser@https://registry.npmjs.org/regjsparser/-/regjsparser-0.13.0.tgz. Extracting by manifest.
2148 silly tarball no local data for regjsgen@https://registry.npmjs.org/regjsgen/-/regjsgen-0.8.0.tgz. Extracting by manifest.
2149 silly tarball no local data for regenerate@https://registry.npmjs.org/regenerate/-/regenerate-1.4.2.tgz. Extracting by manifest.
2150 silly tarball no local data for regenerate-unicode-properties@https://registry.npmjs.org/regenerate-unicode-properties/-/regenerate-unicode-properties-10.2.2.tgz. Extracting by manifest.
2151 silly tarball no local data for @isaacs/cliui@https://registry.npmjs.org/@isaacs/cliui/-/cliui-9.0.0.tgz. Extracting by manifest.
2152 silly tarball no local data for sourcemap-codec@https://registry.npmjs.org/sourcemap-codec/-/sourcemap-codec-1.4.8.tgz. Extracting by manifest.
2153 silly tarball no local data for filelist@https://registry.npmjs.org/filelist/-/filelist-1.0.6.tgz. Extracting by manifest.
2154 silly tarball no local data for async@https://registry.npmjs.org/async/-/async-3.2.6.tgz. Extracting by manifest.
2155 silly tarball no local data for signal-exit@https://registry.npmjs.org/signal-exit/-/signal-exit-4.1.0.tgz. Extracting by manifest.
2156 silly tarball no local data for package-json-from-dist@https://registry.npmjs.org/package-json-from-dist/-/package-json-from-dist-1.0.1.tgz. Extracting by manifest.
2157 silly tarball no local data for minipass@https://registry.npmjs.org/minipass/-/minipass-7.1.3.tgz. Extracting by manifest.
2158 silly tarball no local data for path-scurry@https://registry.npmjs.org/path-scurry/-/path-scurry-2.0.2.tgz. Extracting by manifest.
2159 silly tarball no local data for jackspeak@https://registry.npmjs.org/jackspeak/-/jackspeak-4.2.3.tgz. Extracting by manifest.
2160 silly tarball no local data for jsonfile@https://registry.npmjs.org/jsonfile/-/jsonfile-6.2.0.tgz. Extracting by manifest.
2161 silly tarball no local data for foreground-child@https://registry.npmjs.org/foreground-child/-/foreground-child-3.3.1.tgz. Extracting by manifest.
2162 silly tarball no local data for graceful-fs@https://registry.npmjs.org/graceful-fs/-/graceful-fs-4.2.11.tgz. Extracting by manifest.
2163 silly tarball no local data for universalify@https://registry.npmjs.org/universalify/-/universalify-2.0.1.tgz. Extracting by manifest.
2164 silly tarball no local data for @babel/helper-define-polyfill-provider@https://registry.npmjs.org/@babel/helper-define-polyfill-provider/-/helper-define-polyfill-provider-0.6.7.tgz. Extracting by manifest.
2165 silly tarball no local data for lodash.debounce@https://registry.npmjs.org/lodash.debounce/-/lodash.debounce-4.0.8.tgz. Extracting by manifest.
2166 silly tarball no local data for jake@https://registry.npmjs.org/jake/-/jake-10.9.4.tgz. Extracting by manifest.
2167 silly tarball no local data for at-least-node@https://registry.npmjs.org/at-least-node/-/at-least-node-1.0.0.tgz. Extracting by manifest.
2168 silly tarball no local data for string.prototype.matchall@https://registry.npmjs.org/string.prototype.matchall/-/string.prototype.matchall-4.0.12.tgz. Extracting by manifest.
2169 silly tarball no local data for ejs@https://registry.npmjs.org/ejs/-/ejs-3.1.10.tgz. Extracting by manifest.
2170 silly tarball no local data for estree-walker@https://registry.npmjs.org/estree-walker/-/estree-walker-2.0.2.tgz. Extracting by manifest.
2171 silly tarball no local data for magic-string@https://registry.npmjs.org/magic-string/-/magic-string-0.25.9.tgz. Extracting by manifest.
2172 silly tarball no local data for terser@https://registry.npmjs.org/terser/-/terser-5.46.0.tgz. Extracting by manifest.
2173 silly tarball no local data for is-module@https://registry.npmjs.org/is-module/-/is-module-1.0.0.tgz. Extracting by manifest.
2174 silly tarball no local data for serialize-javascript@https://registry.npmjs.org/serialize-javascript/-/serialize-javascript-6.0.2.tgz. Extracting by manifest.
2175 silly tarball no local data for @types/resolve@https://registry.npmjs.org/@types/resolve/-/resolve-1.20.2.tgz. Extracting by manifest.
2176 silly tarball no local data for smob@https://registry.npmjs.org/smob/-/smob-1.6.1.tgz. Extracting by manifest.
2177 silly tarball no local data for deepmerge@https://registry.npmjs.org/deepmerge/-/deepmerge-4.3.1.tgz. Extracting by manifest.
2178 silly tarball no local data for @rollup/pluginutils@https://registry.npmjs.org/@rollup/pluginutils/-/pluginutils-5.3.0.tgz. Extracting by manifest.
2179 silly tarball no local data for @babel/helper-replace-supers@https://registry.npmjs.org/@babel/helper-replace-supers/-/helper-replace-supers-7.28.6.tgz. Extracting by manifest.
2180 silly tarball no local data for @babel/helper-optimise-call-expression@https://registry.npmjs.org/@babel/helper-optimise-call-expression/-/helper-optimise-call-expression-7.27.1.tgz. Extracting by manifest.
2181 silly tarball no local data for @babel/helper-wrap-function@https://registry.npmjs.org/@babel/helper-wrap-function/-/helper-wrap-function-7.28.6.tgz. Extracting by manifest.
2182 silly tarball no local data for @babel/helper-member-expression-to-functions@https://registry.npmjs.org/@babel/helper-member-expression-to-functions/-/helper-member-expression-to-functions-7.28.5.tgz. Extracting by manifest.
2183 silly tarball no local data for regexpu-core@https://registry.npmjs.org/regexpu-core/-/regexpu-core-6.4.0.tgz. Extracting by manifest.
2184 silly tarball no local data for @babel/helper-create-class-features-plugin@https://registry.npmjs.org/@babel/helper-create-class-features-plugin/-/helper-create-class-features-plugin-7.28.6.tgz. Extracting by manifest.
2185 silly tarball no local data for @babel/helper-remap-async-to-generator@https://registry.npmjs.org/@babel/helper-remap-async-to-generator/-/helper-remap-async-to-generator-7.27.1.tgz. Extracting by manifest.
2186 silly tarball no local data for babel-plugin-polyfill-regenerator@https://registry.npmjs.org/babel-plugin-polyfill-regenerator/-/babel-plugin-polyfill-regenerator-0.6.7.tgz. Extracting by manifest.
2187 silly tarball no local data for @babel/helper-annotate-as-pure@https://registry.npmjs.org/@babel/helper-annotate-as-pure/-/helper-annotate-as-pure-7.27.3.tgz. Extracting by manifest.
2188 silly tarball no local data for @babel/helper-create-regexp-features-plugin@https://registry.npmjs.org/@babel/helper-create-regexp-features-plugin/-/helper-create-regexp-features-plugin-7.28.5.tgz. Extracting by manifest.
2189 silly tarball no local data for @babel/preset-modules@https://registry.npmjs.org/@babel/preset-modules/-/preset-modules-0.1.6-no-external-plugins.tgz. Extracting by manifest.
2190 silly tarball no local data for @babel/helper-skip-transparent-expression-wrappers@https://registry.npmjs.org/@babel/helper-skip-transparent-expression-wrappers/-/helper-skip-transparent-expression-wrappers-7.27.1.tgz. Extracting by manifest.
2191 silly tarball no local data for @babel/plugin-transform-unicode-sets-regex@https://registry.npmjs.org/@babel/plugin-transform-unicode-sets-regex/-/plugin-transform-unicode-sets-regex-7.28.6.tgz. Extracting by manifest.
2192 silly tarball no local data for core-js-compat@https://registry.npmjs.org/core-js-compat/-/core-js-compat-3.48.0.tgz. Extracting by manifest.
2193 silly tarball no local data for babel-plugin-polyfill-corejs3@https://registry.npmjs.org/babel-plugin-polyfill-corejs3/-/babel-plugin-polyfill-corejs3-0.14.1.tgz. Extracting by manifest.
2194 silly tarball no local data for @babel/plugin-transform-unicode-regex@https://registry.npmjs.org/@babel/plugin-transform-unicode-regex/-/plugin-transform-unicode-regex-7.27.1.tgz. Extracting by manifest.
2195 silly tarball no local data for babel-plugin-polyfill-corejs2@https://registry.npmjs.org/babel-plugin-polyfill-corejs2/-/babel-plugin-polyfill-corejs2-0.4.16.tgz. Extracting by manifest.
2196 silly tarball no local data for @babel/plugin-transform-unicode-property-regex@https://registry.npmjs.org/@babel/plugin-transform-unicode-property-regex/-/plugin-transform-unicode-property-regex-7.28.6.tgz. Extracting by manifest.
2197 silly tarball no local data for @babel/plugin-transform-unicode-escapes@https://registry.npmjs.org/@babel/plugin-transform-unicode-escapes/-/plugin-transform-unicode-escapes-7.27.1.tgz. Extracting by manifest.
2198 silly tarball no local data for @babel/plugin-transform-typeof-symbol@https://registry.npmjs.org/@babel/plugin-transform-typeof-symbol/-/plugin-transform-typeof-symbol-7.27.1.tgz. Extracting by manifest.
2199 silly tarball no local data for @babel/plugin-transform-template-literals@https://registry.npmjs.org/@babel/plugin-transform-template-literals/-/plugin-transform-template-literals-7.27.1.tgz. Extracting by manifest.
2200 silly tarball no local data for @babel/plugin-transform-sticky-regex@https://registry.npmjs.org/@babel/plugin-transform-sticky-regex/-/plugin-transform-sticky-regex-7.27.1.tgz. Extracting by manifest.
2201 silly tarball no local data for @babel/plugin-transform-spread@https://registry.npmjs.org/@babel/plugin-transform-spread/-/plugin-transform-spread-7.28.6.tgz. Extracting by manifest.
2202 silly tarball no local data for @babel/plugin-transform-shorthand-properties@https://registry.npmjs.org/@babel/plugin-transform-shorthand-properties/-/plugin-transform-shorthand-properties-7.27.1.tgz. Extracting by manifest.
2203 silly tarball no local data for @babel/plugin-transform-reserved-words@https://registry.npmjs.org/@babel/plugin-transform-reserved-words/-/plugin-transform-reserved-words-7.27.1.tgz. Extracting by manifest.
2204 silly tarball no local data for @babel/plugin-transform-regexp-modifiers@https://registry.npmjs.org/@babel/plugin-transform-regexp-modifiers/-/plugin-transform-regexp-modifiers-7.28.6.tgz. Extracting by manifest.
2205 silly tarball no local data for @babel/plugin-transform-regenerator@https://registry.npmjs.org/@babel/plugin-transform-regenerator/-/plugin-transform-regenerator-7.29.0.tgz. Extracting by manifest.
2206 silly tarball no local data for @babel/plugin-transform-property-literals@https://registry.npmjs.org/@babel/plugin-transform-property-literals/-/plugin-transform-property-literals-7.27.1.tgz. Extracting by manifest.
2207 silly tarball no local data for @babel/plugin-transform-private-methods@https://registry.npmjs.org/@babel/plugin-transform-private-methods/-/plugin-transform-private-methods-7.28.6.tgz. Extracting by manifest.
2208 silly tarball no local data for @babel/plugin-transform-private-property-in-object@https://registry.npmjs.org/@babel/plugin-transform-private-property-in-object/-/plugin-transform-private-property-in-object-7.28.6.tgz. Extracting by manifest.
2209 silly tarball no local data for @babel/plugin-transform-optional-chaining@https://registry.npmjs.org/@babel/plugin-transform-optional-chaining/-/plugin-transform-optional-chaining-7.28.6.tgz. Extracting by manifest.
2210 silly tarball no local data for @babel/plugin-transform-object-super@https://registry.npmjs.org/@babel/plugin-transform-object-super/-/plugin-transform-object-super-7.27.1.tgz. Extracting by manifest.
2211 silly tarball no local data for @babel/plugin-transform-optional-catch-binding@https://registry.npmjs.org/@babel/plugin-transform-optional-catch-binding/-/plugin-transform-optional-catch-binding-7.28.6.tgz. Extracting by manifest.
2212 silly tarball no local data for @babel/plugin-transform-object-rest-spread@https://registry.npmjs.org/@babel/plugin-transform-object-rest-spread/-/plugin-transform-object-rest-spread-7.28.6.tgz. Extracting by manifest.
2213 silly tarball no local data for @babel/plugin-transform-numeric-separator@https://registry.npmjs.org/@babel/plugin-transform-numeric-separator/-/plugin-transform-numeric-separator-7.28.6.tgz. Extracting by manifest.
2214 silly tarball no local data for @babel/plugin-transform-nullish-coalescing-operator@https://registry.npmjs.org/@babel/plugin-transform-nullish-coalescing-operator/-/plugin-transform-nullish-coalescing-operator-7.28.6.tgz. Extracting by manifest.
2215 silly tarball no local data for @babel/plugin-transform-new-target@https://registry.npmjs.org/@babel/plugin-transform-new-target/-/plugin-transform-new-target-7.27.1.tgz. Extracting by manifest.
2216 silly tarball no local data for @babel/plugin-transform-modules-umd@https://registry.npmjs.org/@babel/plugin-transform-modules-umd/-/plugin-transform-modules-umd-7.27.1.tgz. Extracting by manifest.
2217 silly tarball no local data for @babel/plugin-transform-named-capturing-groups-regex@https://registry.npmjs.org/@babel/plugin-transform-named-capturing-groups-regex/-/plugin-transform-named-capturing-groups-regex-7.29.0.tgz. Extracting by manifest.
2218 silly tarball no local data for @babel/plugin-transform-modules-systemjs@https://registry.npmjs.org/@babel/plugin-transform-modules-systemjs/-/plugin-transform-modules-systemjs-7.29.0.tgz. Extracting by manifest.
2219 silly tarball no local data for @babel/plugin-transform-modules-commonjs@https://registry.npmjs.org/@babel/plugin-transform-modules-commonjs/-/plugin-transform-modules-commonjs-7.28.6.tgz. Extracting by manifest.
2220 silly tarball no local data for @babel/plugin-transform-modules-amd@https://registry.npmjs.org/@babel/plugin-transform-modules-amd/-/plugin-transform-modules-amd-7.27.1.tgz. Extracting by manifest.
2221 silly tarball no local data for @babel/plugin-transform-member-expression-literals@https://registry.npmjs.org/@babel/plugin-transform-member-expression-literals/-/plugin-transform-member-expression-literals-7.27.1.tgz. Extracting by manifest.
2222 silly tarball no local data for @babel/plugin-transform-logical-assignment-operators@https://registry.npmjs.org/@babel/plugin-transform-logical-assignment-operators/-/plugin-transform-logical-assignment-operators-7.28.6.tgz. Extracting by manifest.
2223 silly tarball no local data for @babel/plugin-transform-json-strings@https://registry.npmjs.org/@babel/plugin-transform-json-strings/-/plugin-transform-json-strings-7.28.6.tgz. Extracting by manifest.
2224 silly tarball no local data for @babel/plugin-transform-parameters@https://registry.npmjs.org/@babel/plugin-transform-parameters/-/plugin-transform-parameters-7.27.7.tgz. Extracting by manifest.
2225 silly tarball no local data for @babel/plugin-transform-function-name@https://registry.npmjs.org/@babel/plugin-transform-function-name/-/plugin-transform-function-name-7.27.1.tgz. Extracting by manifest.
2226 silly tarball no local data for @babel/plugin-transform-for-of@https://registry.npmjs.org/@babel/plugin-transform-for-of/-/plugin-transform-for-of-7.27.1.tgz. Extracting by manifest.
2227 silly tarball no local data for @babel/plugin-transform-exponentiation-operator@https://registry.npmjs.org/@babel/plugin-transform-exponentiation-operator/-/plugin-transform-exponentiation-operator-7.28.6.tgz. Extracting by manifest.
2228 silly tarball no local data for @babel/plugin-transform-export-namespace-from@https://registry.npmjs.org/@babel/plugin-transform-export-namespace-from/-/plugin-transform-export-namespace-from-7.27.1.tgz. Extracting by manifest.
2229 silly tarball no local data for @babel/plugin-transform-explicit-resource-management@https://registry.npmjs.org/@babel/plugin-transform-explicit-resource-management/-/plugin-transform-explicit-resource-management-7.28.6.tgz. Extracting by manifest.
2230 silly tarball no local data for @babel/plugin-transform-dynamic-import@https://registry.npmjs.org/@babel/plugin-transform-dynamic-import/-/plugin-transform-dynamic-import-7.27.1.tgz. Extracting by manifest.
2231 silly tarball no local data for @babel/plugin-transform-duplicate-named-capturing-groups-regex@https://registry.npmjs.org/@babel/plugin-transform-duplicate-named-capturing-groups-regex/-/plugin-transform-duplicate-named-capturing-groups-regex-7.29.0.tgz. Extracting by manifest.
2232 silly tarball no local data for @babel/plugin-transform-duplicate-keys@https://registry.npmjs.org/@babel/plugin-transform-duplicate-keys/-/plugin-transform-duplicate-keys-7.27.1.tgz. Extracting by manifest.
2233 silly tarball no local data for @babel/plugin-transform-dotall-regex@https://registry.npmjs.org/@babel/plugin-transform-dotall-regex/-/plugin-transform-dotall-regex-7.28.6.tgz. Extracting by manifest.
2234 silly tarball no local data for @babel/plugin-transform-computed-properties@https://registry.npmjs.org/@babel/plugin-transform-computed-properties/-/plugin-transform-computed-properties-7.28.6.tgz. Extracting by manifest.
2235 silly tarball no local data for @babel/plugin-transform-destructuring@https://registry.npmjs.org/@babel/plugin-transform-destructuring/-/plugin-transform-destructuring-7.28.5.tgz. Extracting by manifest.
2236 silly tarball no local data for @babel/plugin-transform-classes@https://registry.npmjs.org/@babel/plugin-transform-classes/-/plugin-transform-classes-7.28.6.tgz. Extracting by manifest.
2237 silly tarball no local data for @babel/plugin-transform-class-static-block@https://registry.npmjs.org/@babel/plugin-transform-class-static-block/-/plugin-transform-class-static-block-7.28.6.tgz. Extracting by manifest.
2238 silly tarball no local data for @babel/plugin-transform-class-properties@https://registry.npmjs.org/@babel/plugin-transform-class-properties/-/plugin-transform-class-properties-7.28.6.tgz. Extracting by manifest.
2239 silly tarball no local data for @babel/plugin-transform-block-scoped-functions@https://registry.npmjs.org/@babel/plugin-transform-block-scoped-functions/-/plugin-transform-block-scoped-functions-7.27.1.tgz. Extracting by manifest.
2240 silly tarball no local data for @babel/plugin-transform-block-scoping@https://registry.npmjs.org/@babel/plugin-transform-block-scoping/-/plugin-transform-block-scoping-7.28.6.tgz. Extracting by manifest.
2241 silly tarball no local data for @babel/plugin-transform-async-to-generator@https://registry.npmjs.org/@babel/plugin-transform-async-to-generator/-/plugin-transform-async-to-generator-7.28.6.tgz. Extracting by manifest.
2242 silly tarball no local data for @babel/plugin-transform-async-generator-functions@https://registry.npmjs.org/@babel/plugin-transform-async-generator-functions/-/plugin-transform-async-generator-functions-7.29.0.tgz. Extracting by manifest.
2243 silly tarball no local data for @babel/plugin-transform-arrow-functions@https://registry.npmjs.org/@babel/plugin-transform-arrow-functions/-/plugin-transform-arrow-functions-7.27.1.tgz. Extracting by manifest.
2244 silly tarball no local data for @babel/plugin-syntax-unicode-sets-regex@https://registry.npmjs.org/@babel/plugin-syntax-unicode-sets-regex/-/plugin-syntax-unicode-sets-regex-7.18.6.tgz. Extracting by manifest.
2245 silly tarball no local data for @babel/plugin-syntax-import-attributes@https://registry.npmjs.org/@babel/plugin-syntax-import-attributes/-/plugin-syntax-import-attributes-7.28.6.tgz. Extracting by manifest.
2246 silly tarball no local data for @babel/plugin-syntax-import-assertions@https://registry.npmjs.org/@babel/plugin-syntax-import-assertions/-/plugin-syntax-import-assertions-7.28.6.tgz. Extracting by manifest.
2247 silly tarball no local data for @babel/plugin-proposal-private-property-in-object@https://registry.npmjs.org/@babel/plugin-proposal-private-property-in-object/-/plugin-proposal-private-property-in-object-7.21.0-placeholder-for-preset-env.2.tgz. Extracting by manifest.
2248 silly tarball no local data for @babel/plugin-bugfix-v8-static-class-fields-redefine-readonly@https://registry.npmjs.org/@babel/plugin-bugfix-v8-static-class-fields-redefine-readonly/-/plugin-bugfix-v8-static-class-fields-redefine-readonly-7.28.6.tgz. Extracting by manifest.
2249 silly tarball no local data for @babel/plugin-bugfix-v8-spread-parameters-in-optional-chaining@https://registry.npmjs.org/@babel/plugin-bugfix-v8-spread-parameters-in-optional-chaining/-/plugin-bugfix-v8-spread-parameters-in-optional-chaining-7.27.1.tgz. Extracting by manifest.
2250 silly tarball no local data for @babel/plugin-bugfix-safari-id-destructuring-collision-in-function-expression@https://registry.npmjs.org/@babel/plugin-bugfix-safari-id-destructuring-collision-in-function-expression/-/plugin-bugfix-safari-id-destructuring-collision-in-function-expression-7.27.1.tgz. Extracting by manifest.
2251 silly tarball no local data for workbox-sw@https://registry.npmjs.org/workbox-sw/-/workbox-sw-7.4.0.tgz. Extracting by manifest.
2252 silly tarball no local data for @babel/plugin-bugfix-safari-class-field-initializer-scope@https://registry.npmjs.org/@babel/plugin-bugfix-safari-class-field-initializer-scope/-/plugin-bugfix-safari-class-field-initializer-scope-7.27.1.tgz. Extracting by manifest.
2253 silly tarball no local data for workbox-streams@https://registry.npmjs.org/workbox-streams/-/workbox-streams-7.4.0.tgz. Extracting by manifest.
2254 silly tarball no local data for @babel/plugin-bugfix-firefox-class-in-computed-class-key@https://registry.npmjs.org/@babel/plugin-bugfix-firefox-class-in-computed-class-key/-/plugin-bugfix-firefox-class-in-computed-class-key-7.28.5.tgz. Extracting by manifest.
2255 silly tarball no local data for workbox-recipes@https://registry.npmjs.org/workbox-recipes/-/workbox-recipes-7.4.0.tgz. Extracting by manifest.
2256 silly tarball no local data for @babel/plugin-transform-literals@https://registry.npmjs.org/@babel/plugin-transform-literals/-/plugin-transform-literals-7.27.1.tgz. Extracting by manifest.
2257 silly tarball no local data for workbox-strategies@https://registry.npmjs.org/workbox-strategies/-/workbox-strategies-7.4.0.tgz. Extracting by manifest.
2258 silly tarball no local data for workbox-range-requests@https://registry.npmjs.org/workbox-range-requests/-/workbox-range-requests-7.4.0.tgz. Extracting by manifest.
2259 silly tarball no local data for workbox-precaching@https://registry.npmjs.org/workbox-precaching/-/workbox-precaching-7.4.0.tgz. Extracting by manifest.
2260 silly tarball no local data for workbox-navigation-preload@https://registry.npmjs.org/workbox-navigation-preload/-/workbox-navigation-preload-7.4.0.tgz. Extracting by manifest.
2261 silly tarball no local data for workbox-expiration@https://registry.npmjs.org/workbox-expiration/-/workbox-expiration-7.4.0.tgz. Extracting by manifest.
2262 silly tarball no local data for workbox-google-analytics@https://registry.npmjs.org/workbox-google-analytics/-/workbox-google-analytics-7.4.0.tgz. Extracting by manifest.
2263 silly tarball no local data for workbox-core@https://registry.npmjs.org/workbox-core/-/workbox-core-7.4.0.tgz. Extracting by manifest.
2264 silly tarball no local data for workbox-cacheable-response@https://registry.npmjs.org/workbox-cacheable-response/-/workbox-cacheable-response-7.4.0.tgz. Extracting by manifest.
2265 silly tarball no local data for workbox-broadcast-update@https://registry.npmjs.org/workbox-broadcast-update/-/workbox-broadcast-update-7.4.0.tgz. Extracting by manifest.
2266 silly tarball no local data for workbox-background-sync@https://registry.npmjs.org/workbox-background-sync/-/workbox-background-sync-7.4.0.tgz. Extracting by manifest.
2267 silly tarball no local data for upath@https://registry.npmjs.org/upath/-/upath-1.2.0.tgz. Extracting by manifest.
2268 silly tarball no local data for strip-comments@https://registry.npmjs.org/strip-comments/-/strip-comments-2.0.1.tgz. Extracting by manifest.
2269 silly tarball no local data for tempy@https://registry.npmjs.org/tempy/-/tempy-0.6.0.tgz. Extracting by manifest.
2270 silly tarball no local data for stringify-object@https://registry.npmjs.org/stringify-object/-/stringify-object-3.3.0.tgz. Extracting by manifest.
2271 silly tarball no local data for lodash@https://registry.npmjs.org/lodash/-/lodash-4.17.23.tgz. Extracting by manifest.
2272 silly tarball no local data for fs-extra@https://registry.npmjs.org/fs-extra/-/fs-extra-9.1.0.tgz. Extracting by manifest.
2273 silly tarball no local data for glob@https://registry.npmjs.org/glob/-/glob-11.1.0.tgz. Extracting by manifest.
2274 silly tarball no local data for @surma/rollup-plugin-off-main-thread@https://registry.npmjs.org/@surma/rollup-plugin-off-main-thread/-/rollup-plugin-off-main-thread-2.2.3.tgz. Extracting by manifest.
2275 silly tarball no local data for common-tags@https://registry.npmjs.org/common-tags/-/common-tags-1.8.2.tgz. Extracting by manifest.
2276 silly tarball no local data for @babel/preset-env@https://registry.npmjs.org/@babel/preset-env/-/preset-env-7.29.0.tgz. Extracting by manifest.
2277 silly tarball no local data for @rollup/plugin-terser@https://registry.npmjs.org/@rollup/plugin-terser/-/plugin-terser-0.4.4.tgz. Extracting by manifest.
2278 silly tarball no local data for @rollup/plugin-node-resolve@https://registry.npmjs.org/@rollup/plugin-node-resolve/-/plugin-node-resolve-15.3.1.tgz. Extracting by manifest.
2279 silly tarball no local data for workbox-window@https://registry.npmjs.org/workbox-window/-/workbox-window-7.4.0.tgz. Extracting by manifest.
2280 silly tarball no local data for pretty-bytes@https://registry.npmjs.org/pretty-bytes/-/pretty-bytes-6.1.1.tgz. Extracting by manifest.
2281 silly tarball no local data for @babel/types@https://registry.npmjs.org/@babel/types/-/types-7.29.0.tgz. Extracting by manifest.
2282 silly tarball no local data for workbox-build@https://registry.npmjs.org/workbox-build/-/workbox-build-7.4.0.tgz. Extracting by manifest.
2283 silly tarball no local data for vite-plugin-pwa@https://registry.npmjs.org/vite-plugin-pwa/-/vite-plugin-pwa-1.2.0.tgz. Extracting by manifest.
2284 silly tarball no local data for @babel/traverse@https://registry.npmjs.org/@babel/traverse/-/traverse-7.29.0.tgz. Extracting by manifest.
2285 silly tarball no local data for @babel/template@https://registry.npmjs.org/@babel/template/-/template-7.28.6.tgz. Extracting by manifest.
2286 silly tarball no local data for @babel/parser@https://registry.npmjs.org/@babel/parser/-/parser-7.29.0.tgz. Extracting by manifest.
2287 silly tarball no local data for @babel/helper-module-imports@https://registry.npmjs.org/@babel/helper-module-imports/-/helper-module-imports-7.28.6.tgz. Extracting by manifest.
2288 silly tarball no local data for @babel/helper-plugin-utils@https://registry.npmjs.org/@babel/helper-plugin-utils/-/helper-plugin-utils-7.28.6.tgz. Extracting by manifest.
2289 silly tarball no local data for @babel/helper-module-transforms@https://registry.npmjs.org/@babel/helper-module-transforms/-/helper-module-transforms-7.28.6.tgz. Extracting by manifest.
2290 silly tarball no local data for @babel/helper-compilation-targets@https://registry.npmjs.org/@babel/helper-compilation-targets/-/helper-compilation-targets-7.28.6.tgz. Extracting by manifest.
2291 silly tarball no local data for @babel/generator@https://registry.npmjs.org/@babel/generator/-/generator-7.29.1.tgz. Extracting by manifest.
2292 silly tarball no local data for @babel/compat-data@https://registry.npmjs.org/@babel/compat-data/-/compat-data-7.29.0.tgz. Extracting by manifest.
2293 silly tarball no local data for @babel/code-frame@https://registry.npmjs.org/@babel/code-frame/-/code-frame-7.29.0.tgz. Extracting by manifest.
2294 silly tarball no local data for lru-cache@https://registry.npmjs.org/lru-cache/-/lru-cache-11.2.6.tgz. Extracting by manifest.
2295 silly tarball no local data for brace-expansion@https://registry.npmjs.org/brace-expansion/-/brace-expansion-2.0.2.tgz. Extracting by manifest.
2296 silly tarball no local data for minimatch@https://registry.npmjs.org/minimatch/-/minimatch-5.1.9.tgz. Extracting by manifest.
2297 silly tarball no local data for source-map@https://registry.npmjs.org/source-map/-/source-map-0.6.1.tgz. Extracting by manifest.
2298 silly tarball no local data for json-schema-traverse@https://registry.npmjs.org/json-schema-traverse/-/json-schema-traverse-1.0.0.tgz. Extracting by manifest.
2299 silly tarball no local data for picomatch@https://registry.npmjs.org/picomatch/-/picomatch-2.3.1.tgz. Extracting by manifest.
2300 silly tarball no local data for balanced-match@https://registry.npmjs.org/balanced-match/-/balanced-match-4.0.4.tgz. Extracting by manifest.
2301 silly tarball no local data for brace-expansion@https://registry.npmjs.org/brace-expansion/-/brace-expansion-5.0.4.tgz. Extracting by manifest.
2302 silly tarball no local data for @types/estree@https://registry.npmjs.org/@types/estree/-/estree-0.0.39.tgz. Extracting by manifest.
2303 silly tarball no local data for minimatch@https://registry.npmjs.org/minimatch/-/minimatch-10.2.4.tgz. Extracting by manifest.
2304 silly tarball no local data for @rollup/pluginutils@https://registry.npmjs.org/@rollup/pluginutils/-/pluginutils-3.1.0.tgz. Extracting by manifest.
2305 silly tarball no local data for estree-walker@https://registry.npmjs.org/estree-walker/-/estree-walker-1.0.1.tgz. Extracting by manifest.
2306 silly tarball no local data for @rollup/plugin-replace@https://registry.npmjs.org/@rollup/plugin-replace/-/plugin-replace-2.4.2.tgz. Extracting by manifest.
2307 silly tarball no local data for @rollup/plugin-babel@https://registry.npmjs.org/@rollup/plugin-babel/-/plugin-babel-5.3.1.tgz. Extracting by manifest.
2308 silly tarball no local data for source-map@https://registry.npmjs.org/source-map/-/source-map-0.8.0-beta.0.tgz. Extracting by manifest.
2309 silly tarball no local data for @apideck/better-ajv-errors@https://registry.npmjs.org/@apideck/better-ajv-errors/-/better-ajv-errors-0.3.6.tgz. Extracting by manifest.
2310 silly tarball no local data for workbox-routing@https://registry.npmjs.org/workbox-routing/-/workbox-routing-7.4.0.tgz. Extracting by manifest.
2311 silly tarball no local data for pretty-bytes@https://registry.npmjs.org/pretty-bytes/-/pretty-bytes-5.6.0.tgz. Extracting by manifest.
2312 silly tarball no local data for rollup@https://registry.npmjs.org/rollup/-/rollup-2.80.0.tgz. Extracting by manifest.
2313 silly tarball no local data for ajv@https://registry.npmjs.org/ajv/-/ajv-8.18.0.tgz. Extracting by manifest.
2314 http fetch GET 200 https://registry.npmjs.org/jsonpointer/-/jsonpointer-5.0.1.tgz 146ms (cache miss)
2315 http fetch GET 200 https://registry.npmjs.org/leven/-/leven-3.1.0.tgz 146ms (cache miss)
2316 http fetch GET 200 https://registry.npmjs.org/require-from-string/-/require-from-string-2.0.2.tgz 148ms (cache miss)
2317 http fetch GET 200 https://registry.npmjs.org/webidl-conversions/-/webidl-conversions-4.0.2.tgz 150ms (cache miss)
2318 http fetch GET 200 https://registry.npmjs.org/lodash.sortby/-/lodash.sortby-4.7.0.tgz 159ms (cache miss)
2319 http fetch GET 200 https://registry.npmjs.org/is-weakset/-/is-weakset-2.0.4.tgz 162ms (cache miss)
2320 http fetch GET 200 https://registry.npmjs.org/whatwg-url/-/whatwg-url-7.1.0.tgz 169ms (cache miss)
2321 http fetch GET 200 https://registry.npmjs.org/generator-function/-/generator-function-2.0.1.tgz 170ms (cache miss)
2322 http fetch GET 200 https://registry.npmjs.org/is-map/-/is-map-2.0.3.tgz 172ms (cache miss)
2323 http fetch GET 200 https://registry.npmjs.org/is-weakmap/-/is-weakmap-2.0.2.tgz 174ms (cache miss)
2324 http fetch GET 200 https://registry.npmjs.org/json-schema/-/json-schema-0.4.0.tgz 176ms (cache miss)
2325 http fetch GET 200 https://registry.npmjs.org/tr46/-/tr46-1.0.1.tgz 179ms (cache miss)
2326 http fetch GET 200 https://registry.npmjs.org/@types/trusted-types/-/trusted-types-2.0.7.tgz 180ms (cache miss)
2327 http fetch GET 200 https://registry.npmjs.org/which-collection/-/which-collection-1.0.2.tgz 188ms (cache miss)
2328 http fetch GET 200 https://registry.npmjs.org/is-finalizationregistry/-/is-finalizationregistry-1.1.1.tgz 197ms (cache miss)
2329 http fetch GET 200 https://registry.npmjs.org/idb/-/idb-7.1.1.tgz 201ms (cache miss)
2330 http fetch GET 200 https://registry.npmjs.org/is-number-object/-/is-number-object-1.1.1.tgz 199ms (cache miss)
2331 http fetch GET 200 https://registry.npmjs.org/async-function/-/async-function-1.0.0.tgz 204ms (cache miss)
2332 http fetch GET 200 https://registry.npmjs.org/is-generator-function/-/is-generator-function-1.1.2.tgz 206ms (cache miss)
2333 http fetch GET 200 https://registry.npmjs.org/is-bigint/-/is-bigint-1.1.0.tgz 217ms (cache miss)
2334 http fetch GET 200 https://registry.npmjs.org/crypto-random-string/-/crypto-random-string-2.0.0.tgz 217ms (cache miss)
2335 http fetch GET 200 https://registry.npmjs.org/fast-uri/-/fast-uri-3.1.0.tgz 223ms (cache miss)
2336 http fetch GET 200 https://registry.npmjs.org/unicode-property-aliases-ecmascript/-/unicode-property-aliases-ecmascript-2.2.0.tgz 231ms (cache miss)
2337 http fetch GET 200 https://registry.npmjs.org/unicode-canonical-property-names-ecmascript/-/unicode-canonical-property-names-ecmascript-2.0.1.tgz 231ms (cache miss)
2338 http fetch GET 200 https://registry.npmjs.org/is-async-function/-/is-async-function-2.1.1.tgz 236ms (cache miss)
2339 http fetch GET 200 https://registry.npmjs.org/is-boolean-object/-/is-boolean-object-1.2.2.tgz 236ms (cache miss)
2340 http fetch GET 200 https://registry.npmjs.org/which-boxed-primitive/-/which-boxed-primitive-1.1.1.tgz 234ms (cache miss)
2341 http fetch GET 200 https://registry.npmjs.org/has-bigints/-/has-bigints-1.1.0.tgz 233ms (cache miss)
2342 http fetch GET 200 https://registry.npmjs.org/reflect.getprototypeof/-/reflect.getprototypeof-1.0.10.tgz 241ms (cache miss)
2343 http fetch GET 200 https://registry.npmjs.org/which-builtin-type/-/which-builtin-type-1.2.1.tgz 243ms (cache miss)
2344 http fetch GET 200 https://registry.npmjs.org/buffer-from/-/buffer-from-1.1.2.tgz 243ms (cache miss)
2345 http fetch GET 200 https://registry.npmjs.org/source-map-support/-/source-map-support-0.5.21.tgz 251ms (cache miss)
2346 http fetch GET 200 https://registry.npmjs.org/@jridgewell/source-map/-/source-map-0.3.11.tgz 264ms (cache miss)
2347 http fetch GET 200 https://registry.npmjs.org/temp-dir/-/temp-dir-2.0.0.tgz 265ms (cache miss)
2348 http fetch GET 200 https://registry.npmjs.org/is-stream/-/is-stream-2.0.1.tgz 271ms (cache miss)
2349 http fetch GET 200 https://registry.npmjs.org/unique-string/-/unique-string-2.0.0.tgz 277ms (cache miss)
2350 http fetch GET 200 https://registry.npmjs.org/commander/-/commander-2.20.3.tgz 283ms (cache miss)
2351 http fetch GET 200 https://registry.npmjs.org/is-obj/-/is-obj-1.0.1.tgz 286ms (cache miss)
2352 http fetch GET 200 https://registry.npmjs.org/for-each/-/for-each-0.3.5.tgz 288ms (cache miss)
2353 http fetch GET 200 https://registry.npmjs.org/is-regexp/-/is-regexp-1.0.0.tgz 289ms (cache miss)
2354 http fetch GET 200 https://registry.npmjs.org/get-own-enumerable-property-symbols/-/get-own-enumerable-property-symbols-3.0.2.tgz 292ms (cache miss)
2355 http fetch GET 200 https://registry.npmjs.org/side-channel-map/-/side-channel-map-1.0.1.tgz 291ms (cache miss)
2356 http fetch GET 200 https://registry.npmjs.org/side-channel-list/-/side-channel-list-1.0.0.tgz 296ms (cache miss)
2357 http fetch GET 200 https://registry.npmjs.org/type-fest/-/type-fest-0.16.0.tgz 300ms (cache miss)
2358 http fetch GET 200 https://registry.npmjs.org/isarray/-/isarray-2.0.5.tgz 299ms (cache miss)
2359 http fetch GET 200 https://registry.npmjs.org/side-channel-weakmap/-/side-channel-weakmap-1.0.2.tgz 302ms (cache miss)
2360 http fetch GET 200 https://registry.npmjs.org/is-symbol/-/is-symbol-1.1.1.tgz 311ms (cache miss)
2361 http fetch GET 200 https://registry.npmjs.org/functions-have-names/-/functions-have-names-1.2.3.tgz 334ms (cache miss)
2362 http fetch GET 200 https://registry.npmjs.org/is-date-object/-/is-date-object-1.1.0.tgz 337ms (cache miss)
2363 http fetch GET 200 https://registry.npmjs.org/typed-array-length/-/typed-array-length-1.0.7.tgz 341ms (cache miss)
2364 http fetch GET 200 https://registry.npmjs.org/possible-typed-array-names/-/possible-typed-array-names-1.1.0.tgz 346ms (cache miss)
2365 http fetch GET 200 https://registry.npmjs.org/unbox-primitive/-/unbox-primitive-1.1.0.tgz 346ms (cache miss)
2366 http fetch GET 200 https://registry.npmjs.org/typed-array-byte-length/-/typed-array-byte-length-1.0.3.tgz 348ms (cache miss)
2367 http fetch GET 200 https://registry.npmjs.org/string.prototype.trim/-/string.prototype.trim-1.2.10.tgz 363ms (cache miss)
2368 http fetch GET 200 https://registry.npmjs.org/which-typed-array/-/which-typed-array-1.1.20.tgz 366ms (cache miss)
2369 http fetch GET 200 https://registry.npmjs.org/string.prototype.trimstart/-/string.prototype.trimstart-1.0.8.tgz 368ms (cache miss)
2370 http fetch GET 200 https://registry.npmjs.org/stop-iteration-iterator/-/stop-iteration-iterator-1.1.0.tgz 372ms (cache miss)
2371 http fetch GET 200 https://registry.npmjs.org/set-proto/-/set-proto-1.0.0.tgz 373ms (cache miss)
2372 http fetch GET 200 https://registry.npmjs.org/safe-regex-test/-/safe-regex-test-1.1.0.tgz 381ms (cache miss)
2373 http fetch GET 200 https://registry.npmjs.org/typed-array-byte-offset/-/typed-array-byte-offset-1.0.4.tgz 394ms (cache miss)
2374 http fetch GET 200 https://registry.npmjs.org/own-keys/-/own-keys-1.0.1.tgz 397ms (cache miss)
2375 http fetch GET 200 https://registry.npmjs.org/safe-push-apply/-/safe-push-apply-1.0.0.tgz 398ms (cache miss)
2376 http fetch GET 200 https://registry.npmjs.org/is-weakref/-/is-weakref-1.1.1.tgz 401ms (cache miss)
2377 http fetch GET 200 https://registry.npmjs.org/typed-array-buffer/-/typed-array-buffer-1.0.3.tgz 409ms (cache miss)
2378 http fetch GET 200 https://registry.npmjs.org/string.prototype.trimend/-/string.prototype.trimend-1.0.9.tgz 423ms (cache miss)
2379 http fetch GET 200 https://registry.npmjs.org/is-typed-array/-/is-typed-array-1.1.15.tgz 421ms (cache miss)
2380 http fetch GET 200 https://registry.npmjs.org/is-shared-array-buffer/-/is-shared-array-buffer-1.0.4.tgz 428ms (cache miss)
2381 http fetch GET 200 https://registry.npmjs.org/safe-array-concat/-/safe-array-concat-1.1.3.tgz 429ms (cache miss)
2382 http fetch GET 200 https://registry.npmjs.org/is-set/-/is-set-2.0.3.tgz 428ms (cache miss)
2383 http fetch GET 200 https://registry.npmjs.org/is-regex/-/is-regex-1.2.1.tgz 430ms (cache miss)
2384 http fetch GET 200 https://registry.npmjs.org/is-negative-zero/-/is-negative-zero-2.0.3.tgz 432ms (cache miss)
2385 http fetch GET 200 https://registry.npmjs.org/is-data-view/-/is-data-view-1.0.2.tgz 432ms (cache miss)
2386 http fetch GET 200 https://registry.npmjs.org/is-callable/-/is-callable-1.2.7.tgz 438ms (cache miss)
2387 http fetch GET 200 https://registry.npmjs.org/is-string/-/is-string-1.1.1.tgz 448ms (cache miss)
2388 http fetch GET 200 https://registry.npmjs.org/is-array-buffer/-/is-array-buffer-3.0.5.tgz 454ms (cache miss)
2389 http fetch GET 200 https://registry.npmjs.org/get-symbol-description/-/get-symbol-description-1.1.0.tgz 456ms (cache miss)
2390 http fetch GET 200 https://registry.npmjs.org/function.prototype.name/-/function.prototype.name-1.1.8.tgz 466ms (cache miss)
2391 http fetch GET 200 https://registry.npmjs.org/data-view-byte-offset/-/data-view-byte-offset-1.0.1.tgz 478ms (cache miss)
2392 http fetch GET 200 https://registry.npmjs.org/object.assign/-/object.assign-4.1.7.tgz 480ms (cache miss)
2393 http fetch GET 200 https://registry.npmjs.org/es-to-primitive/-/es-to-primitive-1.3.0.tgz 479ms (cache miss)
2394 http fetch GET 200 https://registry.npmjs.org/available-typed-arrays/-/available-typed-arrays-1.0.7.tgz 485ms (cache miss)
2395 http fetch GET 200 https://registry.npmjs.org/data-view-byte-length/-/data-view-byte-length-1.0.2.tgz 486ms (cache miss)
2396 http fetch GET 200 https://registry.npmjs.org/array-buffer-byte-length/-/array-buffer-byte-length-1.0.2.tgz 488ms (cache miss)
2397 http fetch GET 200 https://registry.npmjs.org/arraybuffer.prototype.slice/-/arraybuffer.prototype.slice-1.0.4.tgz 495ms (cache miss)
2398 http fetch GET 200 https://registry.npmjs.org/object-keys/-/object-keys-1.1.1.tgz 496ms (cache miss)
2399 http fetch GET 200 https://registry.npmjs.org/has-proto/-/has-proto-1.2.0.tgz 499ms (cache miss)
2400 http fetch GET 200 https://registry.npmjs.org/has-property-descriptors/-/has-property-descriptors-1.0.2.tgz 503ms (cache miss)
2401 http fetch GET 200 https://registry.npmjs.org/globalthis/-/globalthis-1.0.4.tgz 507ms (cache miss)
2402 http fetch GET 200 https://registry.npmjs.org/set-function-length/-/set-function-length-1.2.2.tgz 506ms (cache miss)
2403 http fetch GET 200 https://registry.npmjs.org/data-view-buffer/-/data-view-buffer-1.0.2.tgz 508ms (cache miss)
2404 http fetch GET 200 https://registry.npmjs.org/side-channel/-/side-channel-1.1.0.tgz 510ms (cache miss)
2405 http fetch GET 200 https://registry.npmjs.org/set-function-name/-/set-function-name-2.0.2.tgz 519ms (cache miss)
2406 http fetch GET 200 https://registry.npmjs.org/object-inspect/-/object-inspect-1.13.4.tgz 531ms (cache miss)
2407 http fetch GET 200 https://registry.npmjs.org/regexp.prototype.flags/-/regexp.prototype.flags-1.5.4.tgz 529ms (cache miss)
2408 http fetch GET 200 https://registry.npmjs.org/define-data-property/-/define-data-property-1.1.4.tgz 535ms (cache miss)
2409 http fetch GET 200 https://registry.npmjs.org/define-properties/-/define-properties-1.2.1.tgz 538ms (cache miss)
2410 http fetch GET 200 https://registry.npmjs.org/internal-slot/-/internal-slot-1.1.0.tgz 543ms (cache miss)
2411 http fetch GET 200 https://registry.npmjs.org/call-bound/-/call-bound-1.0.4.tgz 552ms (cache miss)
2412 http fetch GET 200 https://registry.npmjs.org/randombytes/-/randombytes-2.1.0.tgz 554ms (cache miss)
2413 http fetch GET 200 https://registry.npmjs.org/call-bind/-/call-bind-1.0.8.tgz 554ms (cache miss)
2414 http fetch GET 200 https://registry.npmjs.org/safe-buffer/-/safe-buffer-5.2.1.tgz 565ms (cache miss)
2415 http fetch GET 200 https://registry.npmjs.org/regjsgen/-/regjsgen-0.8.0.tgz 574ms (cache miss)
2416 http fetch GET 200 https://registry.npmjs.org/unicode-match-property-value-ecmascript/-/unicode-match-property-value-ecmascript-2.2.1.tgz 576ms (cache miss)
2417 http fetch GET 200 https://registry.npmjs.org/unicode-match-property-ecmascript/-/unicode-match-property-ecmascript-2.0.0.tgz 578ms (cache miss)
2418 http fetch GET 200 https://registry.npmjs.org/regenerate/-/regenerate-1.4.2.tgz 584ms (cache miss)
2419 http fetch GET 200 https://registry.npmjs.org/regjsparser/-/regjsparser-0.13.0.tgz 589ms (cache miss)
2420 http fetch GET 200 https://registry.npmjs.org/sourcemap-codec/-/sourcemap-codec-1.4.8.tgz 612ms (cache miss)
2421 warn deprecated sourcemap-codec@1.4.8: Please use @jridgewell/sourcemap-codec instead
2422 http fetch GET 200 https://registry.npmjs.org/filelist/-/filelist-1.0.6.tgz 630ms (cache miss)
2423 http fetch GET 200 https://registry.npmjs.org/package-json-from-dist/-/package-json-from-dist-1.0.1.tgz 727ms (cache miss)
2424 http fetch GET 200 https://registry.npmjs.org/minipass/-/minipass-7.1.3.tgz 743ms (cache miss)
2425 http fetch GET 200 https://registry.npmjs.org/signal-exit/-/signal-exit-4.1.0.tgz 747ms (cache miss)
2426 http fetch GET 200 https://registry.npmjs.org/jsonfile/-/jsonfile-6.2.0.tgz 748ms (cache miss)
2427 http fetch GET 200 https://registry.npmjs.org/@isaacs/cliui/-/cliui-9.0.0.tgz 774ms (cache miss)
2428 http fetch GET 200 https://registry.npmjs.org/universalify/-/universalify-2.0.1.tgz 778ms (cache miss)
2429 http fetch GET 200 https://registry.npmjs.org/path-scurry/-/path-scurry-2.0.2.tgz 805ms (cache miss)
2430 http fetch GET 200 https://registry.npmjs.org/lodash.debounce/-/lodash.debounce-4.0.8.tgz 807ms (cache miss)
2431 http fetch GET 200 https://registry.npmjs.org/at-least-node/-/at-least-node-1.0.0.tgz 820ms (cache miss)
2432 http fetch GET 200 https://registry.npmjs.org/string.prototype.matchall/-/string.prototype.matchall-4.0.12.tgz 920ms (cache miss)
2433 http fetch GET 200 https://registry.npmjs.org/foreground-child/-/foreground-child-3.3.1.tgz 924ms (cache miss)
2434 http fetch GET 200 https://registry.npmjs.org/estree-walker/-/estree-walker-2.0.2.tgz 926ms (cache miss)
2435 http fetch GET 200 https://registry.npmjs.org/serialize-javascript/-/serialize-javascript-6.0.2.tgz 925ms (cache miss)
2436 http fetch GET 200 https://registry.npmjs.org/is-module/-/is-module-1.0.0.tgz 927ms (cache miss)
2437 http fetch GET 200 https://registry.npmjs.org/@types/resolve/-/resolve-1.20.2.tgz 927ms (cache miss)
2438 http fetch GET 200 https://registry.npmjs.org/smob/-/smob-1.6.1.tgz 929ms (cache miss)
2439 http fetch GET 200 https://registry.npmjs.org/ejs/-/ejs-3.1.10.tgz 953ms (cache miss)
2440 http fetch GET 200 https://registry.npmjs.org/@babel/helper-optimise-call-expression/-/helper-optimise-call-expression-7.27.1.tgz 954ms (cache miss)
2441 http fetch GET 200 https://registry.npmjs.org/@babel/helper-wrap-function/-/helper-wrap-function-7.28.6.tgz 954ms (cache miss)
2442 http fetch GET 200 https://registry.npmjs.org/magic-string/-/magic-string-0.25.9.tgz 965ms (cache miss)
2443 http fetch GET 200 https://registry.npmjs.org/deepmerge/-/deepmerge-4.3.1.tgz 973ms (cache miss)
2444 http fetch GET 200 https://registry.npmjs.org/@babel/helper-member-expression-to-functions/-/helper-member-expression-to-functions-7.28.5.tgz 978ms (cache miss)
2445 http fetch GET 200 https://registry.npmjs.org/jackspeak/-/jackspeak-4.2.3.tgz 986ms (cache miss)
2446 http fetch GET 200 https://registry.npmjs.org/graceful-fs/-/graceful-fs-4.2.11.tgz 988ms (cache miss)
2447 http fetch GET 200 https://registry.npmjs.org/regexpu-core/-/regexpu-core-6.4.0.tgz 992ms (cache miss)
2448 http fetch GET 200 https://registry.npmjs.org/@babel/helper-remap-async-to-generator/-/helper-remap-async-to-generator-7.27.1.tgz 1004ms (cache miss)
2449 http fetch GET 200 https://registry.npmjs.org/babel-plugin-polyfill-regenerator/-/babel-plugin-polyfill-regenerator-0.6.7.tgz 1008ms (cache miss)
2450 http fetch GET 200 https://registry.npmjs.org/@babel/helper-annotate-as-pure/-/helper-annotate-as-pure-7.27.3.tgz 1008ms (cache miss)
2451 http fetch GET 200 https://registry.npmjs.org/@babel/helper-replace-supers/-/helper-replace-supers-7.28.6.tgz 1010ms (cache miss)
2452 http fetch GET 200 https://registry.npmjs.org/jake/-/jake-10.9.4.tgz 1027ms (cache miss)
2453 http fetch GET 200 https://registry.npmjs.org/@babel/helper-create-class-features-plugin/-/helper-create-class-features-plugin-7.28.6.tgz 1030ms (cache miss)
2454 http fetch GET 200 https://registry.npmjs.org/@babel/helper-define-polyfill-provider/-/helper-define-polyfill-provider-0.6.7.tgz 1053ms (cache miss)
2455 http fetch GET 200 https://registry.npmjs.org/@babel/helper-skip-transparent-expression-wrappers/-/helper-skip-transparent-expression-wrappers-7.27.1.tgz 1049ms (cache miss)
2456 http fetch GET 200 https://registry.npmjs.org/@babel/preset-modules/-/preset-modules-0.1.6-no-external-plugins.tgz 1050ms (cache miss)
2457 http fetch GET 200 https://registry.npmjs.org/@babel/helper-create-regexp-features-plugin/-/helper-create-regexp-features-plugin-7.28.5.tgz 1055ms (cache miss)
2458 http fetch GET 200 https://registry.npmjs.org/@babel/plugin-transform-unicode-sets-regex/-/plugin-transform-unicode-sets-regex-7.28.6.tgz 1080ms (cache miss)
2459 http fetch GET 200 https://registry.npmjs.org/async/-/async-3.2.6.tgz 1087ms (cache miss)
2460 http fetch GET 200 https://registry.npmjs.org/@babel/plugin-transform-unicode-regex/-/plugin-transform-unicode-regex-7.27.1.tgz 1108ms (cache miss)
2461 http fetch GET 200 https://registry.npmjs.org/core-js-compat/-/core-js-compat-3.48.0.tgz 1111ms (cache miss)
2462 http fetch GET 200 https://registry.npmjs.org/@rollup/pluginutils/-/pluginutils-5.3.0.tgz 1114ms (cache miss)
2463 http fetch GET 200 https://registry.npmjs.org/@babel/plugin-transform-typeof-symbol/-/plugin-transform-typeof-symbol-7.27.1.tgz 1111ms (cache miss)
2464 http fetch GET 200 https://registry.npmjs.org/@babel/plugin-transform-unicode-property-regex/-/plugin-transform-unicode-property-regex-7.28.6.tgz 1111ms (cache miss)
2465 http fetch GET 200 https://registry.npmjs.org/@babel/plugin-transform-sticky-regex/-/plugin-transform-sticky-regex-7.27.1.tgz 1112ms (cache miss)
2466 http fetch GET 200 https://registry.npmjs.org/@babel/plugin-transform-unicode-escapes/-/plugin-transform-unicode-escapes-7.27.1.tgz 1116ms (cache miss)
2467 http fetch GET 200 https://registry.npmjs.org/@babel/plugin-transform-template-literals/-/plugin-transform-template-literals-7.27.1.tgz 1118ms (cache miss)
2468 http fetch GET 200 https://registry.npmjs.org/@babel/plugin-transform-spread/-/plugin-transform-spread-7.28.6.tgz 1118ms (cache miss)
2469 http fetch GET 200 https://registry.npmjs.org/@babel/plugin-transform-shorthand-properties/-/plugin-transform-shorthand-properties-7.27.1.tgz 1121ms (cache miss)
2470 http fetch GET 200 https://registry.npmjs.org/babel-plugin-polyfill-corejs2/-/babel-plugin-polyfill-corejs2-0.4.16.tgz 1123ms (cache miss)
2471 http fetch GET 200 https://registry.npmjs.org/babel-plugin-polyfill-corejs3/-/babel-plugin-polyfill-corejs3-0.14.1.tgz 1129ms (cache miss)
2472 http fetch GET 200 https://registry.npmjs.org/terser/-/terser-5.46.0.tgz 1136ms (cache miss)
2473 http fetch GET 200 https://registry.npmjs.org/@babel/plugin-transform-reserved-words/-/plugin-transform-reserved-words-7.27.1.tgz 1132ms (cache miss)
2474 http fetch GET 200 https://registry.npmjs.org/@babel/plugin-transform-regexp-modifiers/-/plugin-transform-regexp-modifiers-7.28.6.tgz 1133ms (cache miss)
2475 http fetch GET 200 https://registry.npmjs.org/@babel/plugin-transform-property-literals/-/plugin-transform-property-literals-7.27.1.tgz 1147ms (cache miss)
2476 http fetch GET 200 https://registry.npmjs.org/@babel/plugin-transform-private-property-in-object/-/plugin-transform-private-property-in-object-7.28.6.tgz 1166ms (cache miss)
2477 http fetch GET 200 https://registry.npmjs.org/@babel/plugin-transform-private-methods/-/plugin-transform-private-methods-7.28.6.tgz 1174ms (cache miss)
2478 http fetch GET 200 https://registry.npmjs.org/@babel/plugin-transform-object-super/-/plugin-transform-object-super-7.27.1.tgz 1178ms (cache miss)
2479 http fetch GET 200 https://registry.npmjs.org/@babel/plugin-transform-optional-catch-binding/-/plugin-transform-optional-catch-binding-7.28.6.tgz 1179ms (cache miss)
2480 http fetch GET 200 https://registry.npmjs.org/@babel/plugin-transform-numeric-separator/-/plugin-transform-numeric-separator-7.28.6.tgz 1189ms (cache miss)
2481 http fetch GET 200 https://registry.npmjs.org/@babel/plugin-transform-new-target/-/plugin-transform-new-target-7.27.1.tgz 1190ms (cache miss)
2482 http fetch GET 200 https://registry.npmjs.org/@babel/plugin-transform-nullish-coalescing-operator/-/plugin-transform-nullish-coalescing-operator-7.28.6.tgz 1191ms (cache miss)
2483 http fetch GET 200 https://registry.npmjs.org/@babel/plugin-transform-optional-chaining/-/plugin-transform-optional-chaining-7.28.6.tgz 1192ms (cache miss)
2484 http fetch GET 200 https://registry.npmjs.org/@babel/plugin-transform-named-capturing-groups-regex/-/plugin-transform-named-capturing-groups-regex-7.29.0.tgz 1191ms (cache miss)
2485 http fetch GET 200 https://registry.npmjs.org/@babel/plugin-transform-modules-umd/-/plugin-transform-modules-umd-7.27.1.tgz 1192ms (cache miss)
2486 http fetch GET 200 https://registry.npmjs.org/@babel/plugin-transform-object-rest-spread/-/plugin-transform-object-rest-spread-7.28.6.tgz 1195ms (cache miss)
2487 http fetch GET 200 https://registry.npmjs.org/@babel/plugin-transform-modules-commonjs/-/plugin-transform-modules-commonjs-7.28.6.tgz 1202ms (cache miss)
2488 http fetch GET 200 https://registry.npmjs.org/@babel/plugin-transform-regenerator/-/plugin-transform-regenerator-7.29.0.tgz 1211ms (cache miss)
2489 http fetch GET 200 https://registry.npmjs.org/@babel/plugin-transform-modules-systemjs/-/plugin-transform-modules-systemjs-7.29.0.tgz 1210ms (cache miss)
2490 http fetch GET 200 https://registry.npmjs.org/@babel/plugin-transform-modules-amd/-/plugin-transform-modules-amd-7.27.1.tgz 1213ms (cache miss)
2491 http fetch GET 200 https://registry.npmjs.org/@babel/plugin-transform-member-expression-literals/-/plugin-transform-member-expression-literals-7.27.1.tgz 1226ms (cache miss)
2492 http fetch GET 200 https://registry.npmjs.org/@babel/plugin-transform-logical-assignment-operators/-/plugin-transform-logical-assignment-operators-7.28.6.tgz 1228ms (cache miss)
2493 http fetch GET 200 https://registry.npmjs.org/@babel/plugin-transform-json-strings/-/plugin-transform-json-strings-7.28.6.tgz 1228ms (cache miss)
2494 http fetch GET 200 https://registry.npmjs.org/@babel/plugin-transform-parameters/-/plugin-transform-parameters-7.27.7.tgz 1250ms (cache miss)
2495 http fetch GET 200 https://registry.npmjs.org/@babel/plugin-transform-for-of/-/plugin-transform-for-of-7.27.1.tgz 1252ms (cache miss)
2496 http fetch GET 200 https://registry.npmjs.org/@babel/plugin-transform-dynamic-import/-/plugin-transform-dynamic-import-7.27.1.tgz 1251ms (cache miss)
2497 http fetch GET 200 https://registry.npmjs.org/@babel/plugin-transform-exponentiation-operator/-/plugin-transform-exponentiation-operator-7.28.6.tgz 1254ms (cache miss)
2498 http fetch GET 200 https://registry.npmjs.org/@babel/plugin-transform-export-namespace-from/-/plugin-transform-export-namespace-from-7.27.1.tgz 1256ms (cache miss)
2499 http fetch GET 200 https://registry.npmjs.org/@babel/plugin-transform-duplicate-keys/-/plugin-transform-duplicate-keys-7.27.1.tgz 1258ms (cache miss)
2500 http fetch GET 200 https://registry.npmjs.org/@babel/plugin-transform-duplicate-named-capturing-groups-regex/-/plugin-transform-duplicate-named-capturing-groups-regex-7.29.0.tgz 1258ms (cache miss)
2501 http fetch GET 200 https://registry.npmjs.org/@babel/plugin-transform-explicit-resource-management/-/plugin-transform-explicit-resource-management-7.28.6.tgz 1263ms (cache miss)
2502 http fetch GET 200 https://registry.npmjs.org/@babel/plugin-transform-dotall-regex/-/plugin-transform-dotall-regex-7.28.6.tgz 1266ms (cache miss)
2503 http fetch GET 200 https://registry.npmjs.org/@babel/plugin-transform-computed-properties/-/plugin-transform-computed-properties-7.28.6.tgz 1270ms (cache miss)
2504 http fetch GET 200 https://registry.npmjs.org/@babel/plugin-transform-destructuring/-/plugin-transform-destructuring-7.28.5.tgz 1281ms (cache miss)
2505 http fetch GET 200 https://registry.npmjs.org/@babel/plugin-transform-class-static-block/-/plugin-transform-class-static-block-7.28.6.tgz 1292ms (cache miss)
2506 http fetch GET 200 https://registry.npmjs.org/@babel/plugin-transform-block-scoped-functions/-/plugin-transform-block-scoped-functions-7.27.1.tgz 1295ms (cache miss)
2507 http fetch GET 200 https://registry.npmjs.org/@babel/plugin-transform-class-properties/-/plugin-transform-class-properties-7.28.6.tgz 1295ms (cache miss)
2508 http fetch GET 200 https://registry.npmjs.org/@babel/plugin-transform-classes/-/plugin-transform-classes-7.28.6.tgz 1303ms (cache miss)
2509 http fetch GET 200 https://registry.npmjs.org/@babel/plugin-syntax-unicode-sets-regex/-/plugin-syntax-unicode-sets-regex-7.18.6.tgz 1317ms (cache miss)
2510 http fetch GET 200 https://registry.npmjs.org/@babel/plugin-transform-async-generator-functions/-/plugin-transform-async-generator-functions-7.29.0.tgz 1321ms (cache miss)
2511 http fetch GET 200 https://registry.npmjs.org/@babel/plugin-transform-async-to-generator/-/plugin-transform-async-to-generator-7.28.6.tgz 1324ms (cache miss)
2512 http fetch GET 200 https://registry.npmjs.org/@babel/plugin-transform-arrow-functions/-/plugin-transform-arrow-functions-7.27.1.tgz 1324ms (cache miss)
2513 http fetch GET 200 https://registry.npmjs.org/@babel/plugin-syntax-import-attributes/-/plugin-syntax-import-attributes-7.28.6.tgz 1326ms (cache miss)
2514 http fetch GET 200 https://registry.npmjs.org/@babel/plugin-proposal-private-property-in-object/-/plugin-proposal-private-property-in-object-7.21.0-placeholder-for-preset-env.2.tgz 1334ms (cache miss)
2515 http fetch GET 200 https://registry.npmjs.org/@babel/plugin-transform-block-scoping/-/plugin-transform-block-scoping-7.28.6.tgz 1335ms (cache miss)
2516 http fetch GET 200 https://registry.npmjs.org/@babel/plugin-syntax-import-assertions/-/plugin-syntax-import-assertions-7.28.6.tgz 1335ms (cache miss)
2517 http fetch GET 200 https://registry.npmjs.org/@babel/plugin-bugfix-v8-static-class-fields-redefine-readonly/-/plugin-bugfix-v8-static-class-fields-redefine-readonly-7.28.6.tgz 1349ms (cache miss)
2518 http fetch GET 200 https://registry.npmjs.org/@babel/plugin-bugfix-v8-spread-parameters-in-optional-chaining/-/plugin-bugfix-v8-spread-parameters-in-optional-chaining-7.27.1.tgz 1350ms (cache miss)
2519 http fetch GET 200 https://registry.npmjs.org/workbox-sw/-/workbox-sw-7.4.0.tgz 1358ms (cache miss)
2520 http fetch GET 200 https://registry.npmjs.org/@babel/plugin-bugfix-safari-id-destructuring-collision-in-function-expression/-/plugin-bugfix-safari-id-destructuring-collision-in-function-expression-7.27.1.tgz 1362ms (cache miss)
2521 http fetch GET 200 https://registry.npmjs.org/@babel/plugin-bugfix-safari-class-field-initializer-scope/-/plugin-bugfix-safari-class-field-initializer-scope-7.27.1.tgz 1366ms (cache miss)
2522 http fetch GET 200 https://registry.npmjs.org/@babel/plugin-transform-literals/-/plugin-transform-literals-7.27.1.tgz 1391ms (cache miss)
2523 http fetch GET 200 https://registry.npmjs.org/@babel/plugin-transform-function-name/-/plugin-transform-function-name-7.27.1.tgz 1432ms (cache miss)
2524 http fetch GET 200 https://registry.npmjs.org/workbox-streams/-/workbox-streams-7.4.0.tgz 1442ms (cache miss)
2525 http fetch GET 200 https://registry.npmjs.org/regenerate-unicode-properties/-/regenerate-unicode-properties-10.2.2.tgz 1469ms (cache miss)
2526 http fetch GET 200 https://registry.npmjs.org/workbox-recipes/-/workbox-recipes-7.4.0.tgz 1458ms (cache miss)
2527 http fetch GET 200 https://registry.npmjs.org/workbox-range-requests/-/workbox-range-requests-7.4.0.tgz 1465ms (cache miss)
2528 http fetch GET 200 https://registry.npmjs.org/workbox-navigation-preload/-/workbox-navigation-preload-7.4.0.tgz 1478ms (cache miss)
2529 http fetch GET 200 https://registry.npmjs.org/workbox-strategies/-/workbox-strategies-7.4.0.tgz 1485ms (cache miss)
2530 http fetch GET 200 https://registry.npmjs.org/workbox-cacheable-response/-/workbox-cacheable-response-7.4.0.tgz 1496ms (cache miss)
2531 http fetch GET 200 https://registry.npmjs.org/upath/-/upath-1.2.0.tgz 1501ms (cache miss)
2532 http fetch GET 200 https://registry.npmjs.org/tempy/-/tempy-0.6.0.tgz 1522ms (cache miss)
2533 http fetch GET 200 https://registry.npmjs.org/strip-comments/-/strip-comments-2.0.1.tgz 1529ms (cache miss)
2534 http fetch GET 200 https://registry.npmjs.org/stringify-object/-/stringify-object-3.3.0.tgz 1551ms (cache miss)
2535 http fetch GET 200 https://registry.npmjs.org/workbox-background-sync/-/workbox-background-sync-7.4.0.tgz 1567ms (cache miss)
2536 http fetch GET 200 https://registry.npmjs.org/workbox-expiration/-/workbox-expiration-7.4.0.tgz 1578ms (cache miss)
2537 http fetch GET 200 https://registry.npmjs.org/workbox-precaching/-/workbox-precaching-7.4.0.tgz 1645ms (cache miss)
2538 http fetch GET 200 https://registry.npmjs.org/@babel/plugin-bugfix-firefox-class-in-computed-class-key/-/plugin-bugfix-firefox-class-in-computed-class-key-7.28.5.tgz 1654ms (cache miss)
2539 http fetch GET 200 https://registry.npmjs.org/fs-extra/-/fs-extra-9.1.0.tgz 1666ms (cache miss)
2540 http fetch GET 200 https://registry.npmjs.org/pretty-bytes/-/pretty-bytes-6.1.1.tgz 1674ms (cache miss)
2541 http fetch GET 200 https://registry.npmjs.org/@rollup/plugin-node-resolve/-/plugin-node-resolve-15.3.1.tgz 1674ms (cache miss)
2542 http fetch GET 200 https://registry.npmjs.org/workbox-broadcast-update/-/workbox-broadcast-update-7.4.0.tgz 1687ms (cache miss)
2543 http fetch GET 200 https://registry.npmjs.org/workbox-google-analytics/-/workbox-google-analytics-7.4.0.tgz 1769ms (cache miss)
2544 http fetch GET 200 https://registry.npmjs.org/workbox-core/-/workbox-core-7.4.0.tgz 1788ms (cache miss)
2545 http fetch GET 200 https://registry.npmjs.org/@surma/rollup-plugin-off-main-thread/-/rollup-plugin-off-main-thread-2.2.3.tgz 1807ms (cache miss)
2546 http fetch GET 200 https://registry.npmjs.org/@babel/helper-module-imports/-/helper-module-imports-7.28.6.tgz 1837ms (cache miss)
2547 http fetch GET 200 https://registry.npmjs.org/@rollup/plugin-terser/-/plugin-terser-0.4.4.tgz 1839ms (cache miss)
2548 http fetch GET 200 https://registry.npmjs.org/@babel/helper-plugin-utils/-/helper-plugin-utils-7.28.6.tgz 1841ms (cache miss)
2549 http fetch GET 200 https://registry.npmjs.org/@babel/helper-module-transforms/-/helper-module-transforms-7.28.6.tgz 1886ms (cache miss)
2550 http fetch GET 200 https://registry.npmjs.org/glob/-/glob-11.1.0.tgz 1894ms (cache miss)
2551 warn deprecated glob@11.1.0: Old versions of glob are not supported, and contain widely publicized security vulnerabilities, which have been fixed in the current version. Please update. Support for old versions may be purchased (at exorbitant rates) by contacting i@izs.me
2552 http fetch GET 200 https://registry.npmjs.org/@babel/template/-/template-7.28.6.tgz 1896ms (cache miss)
2553 http fetch GET 200 https://registry.npmjs.org/minimatch/-/minimatch-5.1.9.tgz 1900ms (cache miss)
2554 http fetch GET 200 https://registry.npmjs.org/brace-expansion/-/brace-expansion-2.0.2.tgz 1905ms (cache miss)
2555 http fetch GET 200 https://registry.npmjs.org/@babel/helper-compilation-targets/-/helper-compilation-targets-7.28.6.tgz 1915ms (cache miss)
2556 http fetch GET 200 https://registry.npmjs.org/@babel/code-frame/-/code-frame-7.29.0.tgz 1924ms (cache miss)
2557 http fetch GET 200 https://registry.npmjs.org/workbox-window/-/workbox-window-7.4.0.tgz 1939ms (cache miss)
2558 http fetch GET 200 https://registry.npmjs.org/json-schema-traverse/-/json-schema-traverse-1.0.0.tgz 1940ms (cache miss)
2559 http fetch GET 200 https://registry.npmjs.org/@babel/compat-data/-/compat-data-7.29.0.tgz 1947ms (cache miss)
2560 http fetch GET 200 https://registry.npmjs.org/vite-plugin-pwa/-/vite-plugin-pwa-1.2.0.tgz 1949ms (cache miss)
2561 http fetch GET 200 https://registry.npmjs.org/balanced-match/-/balanced-match-4.0.4.tgz 1990ms (cache miss)
2562 http fetch GET 200 https://registry.npmjs.org/picomatch/-/picomatch-2.3.1.tgz 2004ms (cache miss)
2563 http fetch GET 200 https://registry.npmjs.org/@types/estree/-/estree-0.0.39.tgz 2025ms (cache miss)
2564 http fetch GET 200 https://registry.npmjs.org/brace-expansion/-/brace-expansion-5.0.4.tgz 2027ms (cache miss)
2565 http fetch GET 200 https://registry.npmjs.org/workbox-build/-/workbox-build-7.4.0.tgz 2041ms (cache miss)
2566 http fetch GET 200 https://registry.npmjs.org/estree-walker/-/estree-walker-1.0.1.tgz 2061ms (cache miss)
2567 http fetch GET 200 https://registry.npmjs.org/@rollup/pluginutils/-/pluginutils-3.1.0.tgz 2078ms (cache miss)
2568 http fetch GET 200 https://registry.npmjs.org/@rollup/plugin-replace/-/plugin-replace-2.4.2.tgz 2081ms (cache miss)
2569 http fetch GET 200 https://registry.npmjs.org/pretty-bytes/-/pretty-bytes-5.6.0.tgz 2113ms (cache miss)
2570 http fetch GET 200 https://registry.npmjs.org/@babel/generator/-/generator-7.29.1.tgz 2120ms (cache miss)
2571 http fetch GET 200 https://registry.npmjs.org/common-tags/-/common-tags-1.8.2.tgz 2130ms (cache miss)
2572 http fetch GET 200 https://registry.npmjs.org/lru-cache/-/lru-cache-11.2.6.tgz 2134ms (cache miss)
2573 http fetch GET 200 https://registry.npmjs.org/source-map/-/source-map-0.6.1.tgz 2134ms (cache miss)
2574 http fetch GET 200 https://registry.npmjs.org/source-map/-/source-map-0.8.0-beta.0.tgz 2161ms (cache miss)
2575 http fetch GET 200 https://registry.npmjs.org/@rollup/plugin-babel/-/plugin-babel-5.3.1.tgz 2165ms (cache miss)
2576 warn deprecated source-map@0.8.0-beta.0: The work that was done in this beta branch won't be included in future versions
2577 http fetch GET 200 https://registry.npmjs.org/@apideck/better-ajv-errors/-/better-ajv-errors-0.3.6.tgz 2180ms (cache miss)
2578 http fetch GET 200 https://registry.npmjs.org/@babel/preset-env/-/preset-env-7.29.0.tgz 2241ms (cache miss)
2579 http fetch GET 200 https://registry.npmjs.org/workbox-routing/-/workbox-routing-7.4.0.tgz 2251ms (cache miss)
2580 http fetch GET 200 https://registry.npmjs.org/minimatch/-/minimatch-10.2.4.tgz 2255ms (cache miss)
2581 http fetch GET 200 https://registry.npmjs.org/@babel/types/-/types-7.29.0.tgz 2358ms (cache miss)
2582 http fetch GET 200 https://registry.npmjs.org/@babel/traverse/-/traverse-7.29.0.tgz 2598ms (cache miss)
2583 http fetch GET 200 https://registry.npmjs.org/@babel/parser/-/parser-7.29.0.tgz 2621ms (cache miss)
2584 http fetch GET 200 https://registry.npmjs.org/rollup/-/rollup-2.80.0.tgz 2684ms (cache miss)
2585 http fetch GET 200 https://registry.npmjs.org/ajv/-/ajv-8.18.0.tgz 2845ms (cache miss)
2586 http fetch GET 200 https://registry.npmjs.org/lodash/-/lodash-4.17.23.tgz 2992ms (cache miss)
2587 http fetch GET 200 https://registry.npmjs.org/es-abstract/-/es-abstract-1.24.1.tgz 3709ms (cache miss)
2588 silly ADD node_modules/webidl-conversions
2589 silly ADD node_modules/tr46
2590 silly ADD node_modules/lodash.sortby
2591 silly ADD node_modules/whatwg-url
2592 silly ADD node_modules/require-from-string
2593 silly ADD node_modules/fast-uri
2594 silly ADD node_modules/leven
2595 silly ADD node_modules/jsonpointer
2596 silly ADD node_modules/json-schema
2597 silly ADD node_modules/@types/trusted-types
2598 silly ADD node_modules/idb
2599 silly ADD node_modules/is-weakset
2600 silly ADD node_modules/is-weakmap
2601 silly ADD node_modules/is-map
2602 silly ADD node_modules/generator-function
2603 silly ADD node_modules/async-function
2604 silly ADD node_modules/which-collection
2605 silly ADD node_modules/is-generator-function
2606 silly ADD node_modules/is-finalizationregistry
2607 silly ADD node_modules/is-async-function
2608 silly ADD node_modules/is-number-object
2609 silly ADD node_modules/is-boolean-object
2610 silly ADD node_modules/is-bigint
2611 silly ADD node_modules/crypto-random-string
2612 silly ADD node_modules/unicode-property-aliases-ecmascript
2613 silly ADD node_modules/unicode-canonical-property-names-ecmascript
2614 silly ADD node_modules/which-boxed-primitive
2615 silly ADD node_modules/has-bigints
2616 silly ADD node_modules/which-builtin-type
2617 silly ADD node_modules/reflect.getprototypeof
2618 silly ADD node_modules/for-each
2619 silly ADD node_modules/buffer-from
2620 silly ADD node_modules/source-map-support
2621 silly ADD node_modules/source-map-support/node_modules/source-map
2622 silly ADD node_modules/commander
2623 silly ADD node_modules/@jridgewell/source-map
2624 silly ADD node_modules/unique-string
2625 silly ADD node_modules/type-fest
2626 silly ADD node_modules/temp-dir
2627 silly ADD node_modules/is-stream
2628 silly ADD node_modules/is-regexp
2629 silly ADD node_modules/is-obj
2630 silly ADD node_modules/get-own-enumerable-property-symbols
2631 silly ADD node_modules/side-channel-weakmap
2632 silly ADD node_modules/side-channel-map
2633 silly ADD node_modules/side-channel-list
2634 silly ADD node_modules/isarray
2635 silly ADD node_modules/functions-have-names
2636 silly ADD node_modules/is-symbol
2637 silly ADD node_modules/is-date-object
2638 silly ADD node_modules/possible-typed-array-names
2639 silly ADD node_modules/which-typed-array
2640 silly ADD node_modules/unbox-primitive
2641 silly ADD node_modules/typed-array-length
2642 silly ADD node_modules/typed-array-byte-offset
2643 silly ADD node_modules/typed-array-byte-length
2644 silly ADD node_modules/typed-array-buffer
2645 silly ADD node_modules/string.prototype.trimstart
2646 silly ADD node_modules/string.prototype.trimend
2647 silly ADD node_modules/string.prototype.trim
2648 silly ADD node_modules/stop-iteration-iterator
2649 silly ADD node_modules/set-proto
2650 silly ADD node_modules/safe-regex-test
2651 silly ADD node_modules/safe-push-apply
2652 silly ADD node_modules/safe-array-concat
2653 silly ADD node_modules/own-keys
2654 silly ADD node_modules/object.assign
2655 silly ADD node_modules/object-inspect
2656 silly ADD node_modules/is-weakref
2657 silly ADD node_modules/is-typed-array
2658 silly ADD node_modules/is-string
2659 silly ADD node_modules/is-shared-array-buffer
2660 silly ADD node_modules/is-set
2661 silly ADD node_modules/is-regex
2662 silly ADD node_modules/is-negative-zero
2663 silly ADD node_modules/is-data-view
2664 silly ADD node_modules/is-callable
2665 silly ADD node_modules/is-array-buffer
2666 silly ADD node_modules/has-proto
2667 silly ADD node_modules/globalthis
2668 silly ADD node_modules/get-symbol-description
2669 silly ADD node_modules/function.prototype.name
2670 silly ADD node_modules/es-to-primitive
2671 silly ADD node_modules/data-view-byte-offset
2672 silly ADD node_modules/data-view-byte-length
2673 silly ADD node_modules/data-view-buffer
2674 silly ADD node_modules/available-typed-arrays
2675 silly ADD node_modules/arraybuffer.prototype.slice
2676 silly ADD node_modules/array-buffer-byte-length
2677 silly ADD node_modules/object-keys
2678 silly ADD node_modules/has-property-descriptors
2679 silly ADD node_modules/define-data-property
2680 silly ADD node_modules/set-function-length
2681 silly ADD node_modules/side-channel
2682 silly ADD node_modules/set-function-name
2683 silly ADD node_modules/regexp.prototype.flags
2684 silly ADD node_modules/internal-slot
2685 silly ADD node_modules/es-abstract
2686 silly ADD node_modules/define-properties
2687 silly ADD node_modules/call-bound
2688 silly ADD node_modules/call-bind
2689 silly ADD node_modules/safe-buffer
2690 silly ADD node_modules/randombytes
2691 silly ADD node_modules/unicode-match-property-value-ecmascript
2692 silly ADD node_modules/unicode-match-property-ecmascript
2693 silly ADD node_modules/regjsparser
2694 silly ADD node_modules/regjsgen
2695 silly ADD node_modules/regenerate-unicode-properties
2696 silly ADD node_modules/regenerate
2697 silly ADD node_modules/sourcemap-codec
2698 silly ADD node_modules/filelist
2699 silly ADD node_modules/filelist/node_modules/brace-expansion
2700 silly ADD node_modules/filelist/node_modules/minimatch
2701 silly ADD node_modules/async
2702 silly ADD node_modules/@isaacs/cliui
2703 silly ADD node_modules/signal-exit
2704 silly ADD node_modules/path-scurry
2705 silly ADD node_modules/path-scurry/node_modules/lru-cache
2706 silly ADD node_modules/package-json-from-dist
2707 silly ADD node_modules/minipass
2708 silly ADD node_modules/jackspeak
2709 silly ADD node_modules/foreground-child
2710 silly ADD node_modules/universalify
2711 silly ADD node_modules/jsonfile
2712 silly ADD node_modules/graceful-fs
2713 silly ADD node_modules/at-least-node
2714 silly ADD node_modules/jake
2715 silly ADD node_modules/lodash.debounce
2716 silly ADD node_modules/@babel/helper-define-polyfill-provider
2717 silly ADD node_modules/string.prototype.matchall
2718 silly ADD node_modules/magic-string
2719 silly ADD node_modules/ejs
2720 silly ADD node_modules/estree-walker
2721 silly ADD node_modules/terser
2722 silly ADD node_modules/smob
2723 silly ADD node_modules/serialize-javascript
2724 silly ADD node_modules/is-module
2725 silly ADD node_modules/deepmerge
2726 silly ADD node_modules/@types/resolve
2727 silly ADD node_modules/@rollup/pluginutils
2728 silly ADD node_modules/@babel/helper-replace-supers
2729 silly ADD node_modules/@babel/helper-optimise-call-expression
2730 silly ADD node_modules/@babel/helper-member-expression-to-functions
2731 silly ADD node_modules/@babel/helper-create-class-features-plugin
2732 silly ADD node_modules/@babel/helper-wrap-function
2733 silly ADD node_modules/@babel/helper-remap-async-to-generator
2734 silly ADD node_modules/regexpu-core
2735 silly ADD node_modules/@babel/helper-annotate-as-pure
2736 silly ADD node_modules/@babel/helper-create-regexp-features-plugin
2737 silly ADD node_modules/@babel/helper-skip-transparent-expression-wrappers
2738 silly ADD node_modules/core-js-compat
2739 silly ADD node_modules/babel-plugin-polyfill-regenerator
2740 silly ADD node_modules/babel-plugin-polyfill-corejs3
2741 silly ADD node_modules/babel-plugin-polyfill-corejs2
2742 silly ADD node_modules/@babel/preset-modules
2743 silly ADD node_modules/@babel/plugin-transform-unicode-sets-regex
2744 silly ADD node_modules/@babel/plugin-transform-unicode-regex
2745 silly ADD node_modules/@babel/plugin-transform-unicode-property-regex
2746 silly ADD node_modules/@babel/plugin-transform-unicode-escapes
2747 silly ADD node_modules/@babel/plugin-transform-typeof-symbol
2748 silly ADD node_modules/@babel/plugin-transform-template-literals
2749 silly ADD node_modules/@babel/plugin-transform-sticky-regex
2750 silly ADD node_modules/@babel/plugin-transform-spread
2751 silly ADD node_modules/@babel/plugin-transform-shorthand-properties
2752 silly ADD node_modules/@babel/plugin-transform-reserved-words
2753 silly ADD node_modules/@babel/plugin-transform-regexp-modifiers
2754 silly ADD node_modules/@babel/plugin-transform-regenerator
2755 silly ADD node_modules/@babel/plugin-transform-property-literals
2756 silly ADD node_modules/@babel/plugin-transform-private-property-in-object
2757 silly ADD node_modules/@babel/plugin-transform-private-methods
2758 silly ADD node_modules/@babel/plugin-transform-parameters
2759 silly ADD node_modules/@babel/plugin-transform-optional-chaining
2760 silly ADD node_modules/@babel/plugin-transform-optional-catch-binding
2761 silly ADD node_modules/@babel/plugin-transform-object-super
2762 silly ADD node_modules/@babel/plugin-transform-object-rest-spread
2763 silly ADD node_modules/@babel/plugin-transform-numeric-separator
2764 silly ADD node_modules/@babel/plugin-transform-nullish-coalescing-operator
2765 silly ADD node_modules/@babel/plugin-transform-new-target
2766 silly ADD node_modules/@babel/plugin-transform-named-capturing-groups-regex
2767 silly ADD node_modules/@babel/plugin-transform-modules-umd
2768 silly ADD node_modules/@babel/plugin-transform-modules-systemjs
2769 silly ADD node_modules/@babel/plugin-transform-modules-commonjs
2770 silly ADD node_modules/@babel/plugin-transform-modules-amd
2771 silly ADD node_modules/@babel/plugin-transform-member-expression-literals
2772 silly ADD node_modules/@babel/plugin-transform-logical-assignment-operators
2773 silly ADD node_modules/@babel/plugin-transform-literals
2774 silly ADD node_modules/@babel/plugin-transform-json-strings
2775 silly ADD node_modules/@babel/plugin-transform-function-name
2776 silly ADD node_modules/@babel/plugin-transform-for-of
2777 silly ADD node_modules/@babel/plugin-transform-export-namespace-from
2778 silly ADD node_modules/@babel/plugin-transform-exponentiation-operator
2779 silly ADD node_modules/@babel/plugin-transform-explicit-resource-management
2780 silly ADD node_modules/@babel/plugin-transform-dynamic-import
2781 silly ADD node_modules/@babel/plugin-transform-duplicate-named-capturing-groups-regex
2782 silly ADD node_modules/@babel/plugin-transform-duplicate-keys
2783 silly ADD node_modules/@babel/plugin-transform-dotall-regex
2784 silly ADD node_modules/@babel/plugin-transform-destructuring
2785 silly ADD node_modules/@babel/plugin-transform-computed-properties
2786 silly ADD node_modules/@babel/plugin-transform-classes
2787 silly ADD node_modules/@babel/plugin-transform-class-static-block
2788 silly ADD node_modules/@babel/plugin-transform-class-properties
2789 silly ADD node_modules/@babel/plugin-transform-block-scoping
2790 silly ADD node_modules/@babel/plugin-transform-block-scoped-functions
2791 silly ADD node_modules/@babel/plugin-transform-async-to-generator
2792 silly ADD node_modules/@babel/plugin-transform-async-generator-functions
2793 silly ADD node_modules/@babel/plugin-transform-arrow-functions
2794 silly ADD node_modules/@babel/plugin-syntax-unicode-sets-regex
2795 silly ADD node_modules/@babel/plugin-syntax-import-attributes
2796 silly ADD node_modules/@babel/plugin-syntax-import-assertions
2797 silly ADD node_modules/@babel/plugin-proposal-private-property-in-object
2798 silly ADD node_modules/@babel/plugin-bugfix-v8-static-class-fields-redefine-readonly
2799 silly ADD node_modules/@babel/plugin-bugfix-v8-spread-parameters-in-optional-chaining
2800 silly ADD node_modules/@babel/plugin-bugfix-safari-id-destructuring-collision-in-function-expression
2801 silly ADD node_modules/@babel/plugin-bugfix-safari-class-field-initializer-scope
2802 silly ADD node_modules/@babel/plugin-bugfix-firefox-class-in-computed-class-key
2803 silly ADD node_modules/workbox-sw
2804 silly ADD node_modules/workbox-streams
2805 silly ADD node_modules/workbox-strategies
2806 silly ADD node_modules/workbox-routing
2807 silly ADD node_modules/workbox-recipes
2808 silly ADD node_modules/workbox-range-requests
2809 silly ADD node_modules/workbox-precaching
2810 silly ADD node_modules/workbox-navigation-preload
2811 silly ADD node_modules/workbox-google-analytics
2812 silly ADD node_modules/workbox-expiration
2813 silly ADD node_modules/workbox-core
2814 silly ADD node_modules/workbox-cacheable-response
2815 silly ADD node_modules/workbox-broadcast-update
2816 silly ADD node_modules/workbox-background-sync
2817 silly ADD node_modules/upath
2818 silly ADD node_modules/tempy
2819 silly ADD node_modules/strip-comments
2820 silly ADD node_modules/stringify-object
2821 silly ADD node_modules/lodash
2822 silly ADD node_modules/glob
2823 silly ADD node_modules/glob/node_modules/balanced-match
2824 silly ADD node_modules/glob/node_modules/brace-expansion
2825 silly ADD node_modules/glob/node_modules/minimatch
2826 silly ADD node_modules/fs-extra
2827 silly ADD node_modules/common-tags
2828 silly ADD node_modules/@surma/rollup-plugin-off-main-thread
2829 silly ADD node_modules/@rollup/plugin-terser
2830 silly ADD node_modules/@rollup/plugin-node-resolve
2831 silly ADD node_modules/@babel/preset-env
2832 silly ADD node_modules/workbox-window
2833 silly ADD node_modules/workbox-build
2834 silly ADD node_modules/workbox-build/node_modules/json-schema-traverse
2835 silly ADD node_modules/workbox-build/node_modules/picomatch
2836 silly ADD node_modules/workbox-build/node_modules/estree-walker
2837 silly ADD node_modules/workbox-build/node_modules/@types/estree
2838 silly ADD node_modules/workbox-build/node_modules/@rollup/pluginutils
2839 silly ADD node_modules/workbox-build/node_modules/source-map
2840 silly ADD node_modules/workbox-build/node_modules/pretty-bytes
2841 silly ADD node_modules/workbox-build/node_modules/@rollup/plugin-replace
2842 silly ADD node_modules/workbox-build/node_modules/rollup
2843 silly ADD node_modules/workbox-build/node_modules/@rollup/plugin-babel
2844 silly ADD node_modules/workbox-build/node_modules/ajv
2845 silly ADD node_modules/workbox-build/node_modules/@apideck/better-ajv-errors
2846 silly ADD node_modules/pretty-bytes
2847 silly ADD node_modules/vite-plugin-pwa
2848 silly ADD node_modules/fsevents
2849 silly ADD node_modules/@rollup/rollup-win32-ia32-msvc
2850 silly ADD node_modules/@rollup/rollup-win32-arm64-msvc
2851 silly ADD node_modules/@rollup/rollup-openharmony-arm64
2852 silly ADD node_modules/@rollup/rollup-openbsd-x64
2853 silly ADD node_modules/@rollup/rollup-linux-x64-musl
2854 silly ADD node_modules/@rollup/rollup-linux-x64-gnu
2855 silly ADD node_modules/@rollup/rollup-linux-s390x-gnu
2856 silly ADD node_modules/@rollup/rollup-linux-riscv64-musl
2857 silly ADD node_modules/@rollup/rollup-linux-riscv64-gnu
2858 silly ADD node_modules/@rollup/rollup-linux-ppc64-musl
2859 silly ADD node_modules/@rollup/rollup-linux-ppc64-gnu
2860 silly ADD node_modules/@rollup/rollup-linux-loong64-musl
2861 silly ADD node_modules/@rollup/rollup-linux-loong64-gnu
2862 silly ADD node_modules/@rollup/rollup-linux-arm64-musl
2863 silly ADD node_modules/@rollup/rollup-linux-arm64-gnu
2864 silly ADD node_modules/@rollup/rollup-linux-arm-musleabihf
2865 silly ADD node_modules/@rollup/rollup-linux-arm-gnueabihf
2866 silly ADD node_modules/@rollup/rollup-freebsd-x64
2867 silly ADD node_modules/@rollup/rollup-freebsd-arm64
2868 silly ADD node_modules/@rollup/rollup-darwin-x64
2869 silly ADD node_modules/@rollup/rollup-darwin-arm64
2870 silly ADD node_modules/@rollup/rollup-android-arm64
2871 silly ADD node_modules/@rollup/rollup-android-arm-eabi
2872 silly ADD node_modules/@parcel/watcher-win32-ia32
2873 silly ADD node_modules/@parcel/watcher-win32-arm64
2874 silly ADD node_modules/@parcel/watcher-linux-x64-musl
2875 silly ADD node_modules/@parcel/watcher-linux-x64-glibc
2876 silly ADD node_modules/@parcel/watcher-linux-arm64-musl
2877 silly ADD node_modules/@parcel/watcher-linux-arm64-glibc
2878 silly ADD node_modules/@parcel/watcher-linux-arm-musl
2879 silly ADD node_modules/@parcel/watcher-linux-arm-glibc
2880 silly ADD node_modules/@parcel/watcher-freebsd-x64
2881 silly ADD node_modules/@parcel/watcher-darwin-x64
2882 silly ADD node_modules/@parcel/watcher-darwin-arm64
2883 silly ADD node_modules/@parcel/watcher-android-arm64
2884 silly ADD node_modules/@esbuild/win32-ia32
2885 silly ADD node_modules/@esbuild/win32-arm64
2886 silly ADD node_modules/@esbuild/sunos-x64
2887 silly ADD node_modules/@esbuild/openharmony-arm64
2888 silly ADD node_modules/@esbuild/openbsd-x64
2889 silly ADD node_modules/@esbuild/openbsd-arm64
2890 silly ADD node_modules/@esbuild/netbsd-x64
2891 silly ADD node_modules/@esbuild/netbsd-arm64
2892 silly ADD node_modules/@esbuild/linux-x64
2893 silly ADD node_modules/@esbuild/linux-s390x
2894 silly ADD node_modules/@esbuild/linux-riscv64
2895 silly ADD node_modules/@esbuild/linux-ppc64
2896 silly ADD node_modules/@esbuild/linux-mips64el
2897 silly ADD node_modules/@esbuild/linux-loong64
2898 silly ADD node_modules/@esbuild/linux-ia32
2899 silly ADD node_modules/@esbuild/linux-arm64
2900 silly ADD node_modules/@esbuild/linux-arm
2901 silly ADD node_modules/@esbuild/freebsd-x64
2902 silly ADD node_modules/@esbuild/freebsd-arm64
2903 silly ADD node_modules/@esbuild/darwin-x64
2904 silly ADD node_modules/@esbuild/darwin-arm64
2905 silly ADD node_modules/@esbuild/android-x64
2906 silly ADD node_modules/@esbuild/android-arm64
2907 silly ADD node_modules/@esbuild/android-arm
2908 silly ADD node_modules/@esbuild/aix-ppc64
2909 silly CHANGE node_modules/@babel/types
2910 silly CHANGE node_modules/@babel/traverse
2911 silly CHANGE node_modules/@babel/template
2912 silly CHANGE node_modules/@babel/parser
2913 silly CHANGE node_modules/@babel/helper-plugin-utils
2914 silly CHANGE node_modules/@babel/helper-module-imports
2915 silly CHANGE node_modules/@babel/helper-module-transforms
2916 silly CHANGE node_modules/@babel/helper-compilation-targets
2917 silly CHANGE node_modules/@babel/generator
2918 silly CHANGE node_modules/@babel/compat-data
2919 silly CHANGE node_modules/@babel/code-frame
2920 verbose cwd C:\Users\aahme\OneDrive\Desktop\versions of clinic system\eyeDemo\frontend
2921 verbose os Windows_NT 10.0.26200
2922 verbose node v22.14.0
2923 verbose npm  v11.5.2
2924 verbose exit 0
2925 info ok
